level,group,metric,n,scot,mgcot,delta,ci_low,ci_high,rel_change_pct,p,effect_rb,discordant_scot_only,discordant_mgcot_only,favours,p_fdr,significant,ill_posed_dataset
overall,ALL,accuracy,3000,0.406,0.2986666666666667,-0.10733333333333334,-0.12633333333333333,-0.08933333333333333,-26.436781609195403,3.9707814262149415e-30,-0.3955773955773956,568.0,246.0,SCoT,1.5287508490927523e-28,True,False
overall,ALL,semantic_similarity,3000,0.2670837494184016,0.23925880416469592,-0.027824945253705664,-0.03311753100805678,-0.022608733960724506,-10.418059995899016,7.764988633209688e-30,-0.24046004581030034,,,SCoT,2.8471624988435523e-28,True,False
overall,ALL,bert_score_f1,3000,0.77993961785237,0.7870731694102288,0.007133551557858785,0.005874512881040573,0.00832592300325632,0.9146286961933829,5.312015612412436e-32,0.24953200139083195,,,MGCoT,2.1527642218724084e-30,True,False
overall,ALL,rougeL_f1,3000,0.04868043241724297,0.06747245153205925,0.018792019114816278,0.015129315852504441,0.022562727763150235,38.60281879534005,0.011692014713883779,0.0597963792449909,,,MGCoT,0.019486691189806296,True,False
overall,ALL,token_f1,3000,0.0678569212524216,0.06843529292429089,0.0005783716718692891,-0.0019150762015835829,0.0030456467994956164,0.8523399841820098,0.002330453158931711,-0.07824821774902549,,,MGCoT,0.004303234849825941,True,False
overall,ALL,char_f1,3000,0.2893350456195127,0.3008390089390971,0.01150396331958446,0.008861550055957996,0.014257505965125481,3.976000658666368,0.00010956125437600129,0.08532636338701044,,,MGCoT,0.0002456415102872569,True,False
overall,ALL,output_words,3000,129.103,101.32466666666667,-27.778333333333332,-30.09969166666667,-25.414958333333335,-21.516411960476,6.646657647338885e-102,-0.45684746420106626,,,MGCoT,5.1179263884509415e-99,True,False
overall,ALL,truncated,3000,0.214,0.4076666666666667,0.19366666666666665,0.17266666666666666,0.21433333333333332,90.49844236760126,9.579097063692538e-72,0.5267452402538532,261.0,842.0,SCoT,1.8439761847608136e-69,True,False
overall,ALL,delta_time_seconds,3000,104.18047113333333,93.67552696666667,-10.504944166666668,-12.638673790833334,-8.470738851666669,-10.083410117451017,7.801883264360758e-14,-0.1575445962456959,,,MGCoT,6.749943947817735e-13,True,False
overall,ALL,target_error,2999,0.44449927770069386,0.44308465862551033,-0.0014146190751834497,-0.0050978153326365966,0.0020767503665582257,-0.31825002787428414,8.146491781108203e-06,0.09472577761528037,,,MGCoT,2.1336049902902435e-05,True,False
dataset,MultiArith,accuracy,300,0.88,0.5866666666666667,-0.29333333333333333,-0.3566666666666667,-0.23,-33.33333333333333,2.5388391153940443e-17,-0.7457627118644068,103.0,15.0,SCoT,4.654538378222415e-16,True,False
dataset,QASports,accuracy,300,0.15,0.06666666666666667,-0.08333333333333333,-0.13,-0.03666666666666667,-55.55555555555555,0.0008023308868949641,-0.4716981132075472,39.0,14.0,SCoT,0.0016005046189355502,True,True
dataset,SVAMP,accuracy,300,0.63,0.4266666666666667,-0.20333333333333334,-0.2633333333333333,-0.14333333333333334,-32.27513227513227,4.3940278290894227e-10,-0.6161616161616161,80.0,19.0,SCoT,2.2556009522659035e-09,True,False
dataset,StrategyQA,accuracy,300,0.2,0.18,-0.02,-0.08,0.04,-10.0,0.581114454176647,-0.07317073170731707,44.0,38.0,SCoT,0.665860312077408,False,False
dataset,aqua,accuracy,300,0.2833333333333333,0.2966666666666667,0.013333333333333334,-0.043333333333333335,0.07,4.7058823529411775,0.7310088822226056,0.05263157894736842,36.0,40.0,MGCoT,0.8110617281144183,False,False
dataset,asdiv,accuracy,300,0.84,0.48333333333333334,-0.3566666666666667,-0.42,-0.29333333333333333,-42.46031746031747,1.9751293229358004e-22,-0.7925925925925926,121.0,14.0,SCoT,4.75265493331427e-21,True,False
dataset,clutrr,accuracy,300,0.37666666666666665,0.3466666666666667,-0.03,-0.09666666666666666,0.03666666666666667,-7.964601769911504,0.4261600154669939,-0.0891089108910891,55.0,46.0,SCoT,0.5143310531498202,False,False
dataset,date,accuracy,300,0.25666666666666665,0.24333333333333335,-0.013333333333333334,-0.06333333333333334,0.03666666666666667,-5.194805194805196,0.6888797607233395,-0.07142857142857142,30.0,26.0,SCoT,0.7698656251915404,False,False
dataset,gsm8k,accuracy,300,0.44333333333333336,0.3566666666666667,-0.08666666666666667,-0.15,-0.023333333333333334,-19.54887218045113,0.009547810466077417,-0.2765957446808511,60.0,34.0,SCoT,0.01607635210765117,True,False
dataset,saycan,accuracy,300,0.0,0.0,0.0,0.0,0.0,,1.0,0.0,0.0,0.0,,1.0,False,True
dataset,MultiArith,semantic_similarity,300,0.16205580347838502,0.13713372438602767,-0.02492207909235731,-0.03122688324811558,-0.01865994032513117,-15.37870200105571,2.0063230622169627e-13,-0.4903010033444816,,,SCoT,1.5763966917418992e-12,True,False
dataset,QASports,semantic_similarity,300,0.09269665650499516,0.08430397821692165,-0.00839267828807351,-0.015029383024911419,-0.0015993580280846932,-9.053916942108103,0.0012260494920166992,-0.21569676700111481,,,SCoT,0.002408311502175659,True,True
dataset,SVAMP,semantic_similarity,300,0.1316199196432717,0.11590738740051161,-0.015712532242760067,-0.020989808131824255,-0.01024089176768515,-11.937807199203286,3.05316276366077e-07,-0.34162764771460424,,,SCoT,9.919558346070857e-07,True,False
dataset,StrategyQA,semantic_similarity,300,0.028644039928161256,0.052173320613025355,0.0235292806848641,0.016328754075189245,0.030624768555027288,82.14372254708175,7.135891253121967e-09,0.3868151107719243,,,MGCoT,2.9086393531317546e-08,True,False
dataset,aqua,semantic_similarity,300,0.12724618688536182,0.10957231056876476,-0.017673876316597066,-0.024519989622912058,-0.01058124509391686,-13.889513508581402,2.7847371568605603e-09,-0.3959246954595792,,,SCoT,1.1781580279025449e-08,True,False
dataset,asdiv,semantic_similarity,300,0.2754710003050665,0.21868777729570865,-0.05678322300935785,-0.06809923344415923,-0.04583247948841505,-20.61314002071872,9.248720000546208e-17,-0.5565950331051002,,,SCoT,1.5825587556490178e-15,True,False
dataset,clutrr,semantic_similarity,300,0.34051364575823145,0.2869961982655029,-0.05351744749272863,-0.06790684699934597,-0.03956922100251542,-15.716682182753589,3.189118234825915e-08,-0.374052629101351,,,SCoT,1.1474864676710068e-07,True,False
dataset,date,semantic_similarity,300,0.33220509968698025,0.43093556199843686,0.0987304623114566,0.0744572151430572,0.12480312190996483,29.719731095183434,1.0632967652985192e-11,0.4535562987736901,,,MGCoT,6.549908074238879e-11,True,False
dataset,gsm8k,semantic_similarity,300,0.7827588774760564,0.668336790932032,-0.11442208654402444,-0.14594508769902556,-0.08370775140030311,-14.617794807127494,0.0020957962150111305,-0.20491694352159467,,,SCoT,0.0039169006931033265,True,False
dataset,saycan,semantic_similarity,300,0.397626264517506,0.28854099197002747,-0.10908527254747848,-0.12343158087887181,-0.09479972433073756,-27.434121505994195,1.683237927348901e-34,-0.8356765186033479,,,SCoT,8.100582525366586e-33,True,True
dataset,MultiArith,bert_score_f1,300,0.7565135371685028,0.7636633461713791,0.007149809002876282,0.005053352226813634,0.009235005080699916,0.9450999422477965,1.761693707273626e-09,0.4015607580824972,,,MGCoT,7.707409969322115e-09,True,False
dataset,QASports,bert_score_f1,300,0.762920492887497,0.7764829576015473,0.013562464714050293,0.011081474954883258,0.016167597552140554,1.7777035537109716,4.51186149986783e-19,0.595406911928651,,,MGCoT,8.685333387245573e-18,True,True
dataset,SVAMP,bert_score_f1,300,0.7558313822746277,0.7614745664596557,0.005643184185028076,0.003659525170922279,0.00765306037664413,0.7466194600236449,2.0180995808186948e-07,0.3468004459308807,,,MGCoT,6.785749682228799e-07,True,False
dataset,StrategyQA,bert_score_f1,300,0.7685989244778951,0.7735066999991734,0.004907775521278381,0.0029151632636785505,0.006973671237627665,0.6385353095064771,0.00010974114225820309,0.2585127157639559,,,MGCoT,0.0002456415102872569,True,False
dataset,aqua,bert_score_f1,300,0.7587419625123342,0.7587881795565288,4.621704419453939e-05,-0.0061951518754164376,0.0040130188365777334,0.0060912729858127596,0.06683944725740462,0.12208194905869324,,,MGCoT,0.10032431654620187,False,False
dataset,asdiv,bert_score_f1,300,0.776867798169454,0.7857214162747065,0.008853618105252583,0.006603668923179308,0.011155831024050709,1.1396556951021146,2.4095657142420917e-10,0.4239486588479877,,,MGCoT,1.2707983561413771e-09,True,False
dataset,clutrr,bert_score_f1,300,0.8107410977284114,0.8170086705684662,0.00626757284005483,0.0033526312957207365,0.00924386543035507,0.7730671181732041,0.00046581196592989857,0.23668973308854682,,,MGCoT,0.0009564672367093918,True,False
dataset,date,bert_score_f1,300,0.7863154021898905,0.8217825414737066,0.03546713928381602,0.02823522926867008,0.04267800348003705,4.510548716843132,1.768871756336866e-15,0.5308807134894091,,,MGCoT,2.011462891673813e-14,True,False
dataset,gsm8k,bert_score_f1,300,0.8406639558076858,0.8364108951886495,-0.004253060619036356,-0.008345250318447751,-0.00013322665790717052,-0.5059168517520342,0.8035838440101605,0.016566998892580287,,,SCoT,0.878919829386113,False,False
dataset,saycan,bert_score_f1,300,0.782201625307401,0.7758924208084742,-0.006309204498926799,-0.007967276255289714,-0.004608224416772525,-0.8065956774824287,3.896778964836341e-12,-0.47350210764844913,,,SCoT,2.5645468401059678e-11,True,True
dataset,MultiArith,rougeL_f1,300,0.0186250608853786,0.029217479148000755,0.010592418262622154,0.00774990037699726,0.013469121755694887,56.87185844819233,4.5771367859963325e-07,0.34344754161827334,,,MGCoT,1.4211271472649904e-06,True,False
dataset,QASports,rougeL_f1,300,0.006243285130775184,0.0025765745700483535,-0.0036667105607268314,-0.004705633847189046,-0.0026339574870515624,-58.73046775730972,1.1900715044701794e-08,-0.4872995856602414,,,SCoT,4.591196294220379e-08,True,True
dataset,SVAMP,rougeL_f1,300,0.015051823306570894,0.021186808458451136,0.0061349851518802435,0.00262006038970694,0.010255581085099056,40.7590829823388,0.26504177172434773,0.08051470588235295,,,MGCoT,0.3435726670500804,False,False
dataset,StrategyQA,rougeL_f1,300,0.0002351047739390973,0.0003473652271306226,0.00011226045319152532,-0.000268223924322024,0.0005791175733876858,47.74911683443988,1.0,0.047619047619047616,,,MGCoT,1.0,False,False
dataset,aqua,rougeL_f1,300,0.007043680786561423,0.01007074939768468,0.0030270686111232583,0.0005655587947683394,0.006174797556942113,42.97566432735816,0.006464775240934867,0.2290329843521333,,,MGCoT,0.011086585602494092,True,False
dataset,asdiv,rougeL_f1,300,0.024832229251147784,0.04524790392166953,0.020415674670521754,0.013240407304730617,0.028147497252081932,82.2144257128188,0.04453636374620728,0.13610617371726508,,,MGCoT,0.06881698646373281,False,False
dataset,clutrr,rougeL_f1,300,0.054065443953479564,0.09577247520850458,0.04170703125502502,0.029976636885734785,0.05327814256738015,77.1417530408364,4.620438092207434e-05,0.28088459583121506,,,MGCoT,0.00010980670774690505,True,False
dataset,date,rougeL_f1,300,0.04813998921254916,0.19149474017812293,0.1433547509655738,0.11739411462015024,0.17059183313697746,297.78725195103283,7.919010489988198e-20,0.6091445758793294,,,MGCoT,1.6480102911597064e-18,True,False
dataset,gsm8k,rougeL_f1,300,0.25368911813203,0.24413300650337363,-0.009556111628656406,-0.022033917711990595,0.002635352609420173,-3.7668590986559467,0.4122443788068103,-0.054617940199335545,,,SCoT,0.49988688453739205,False,False
dataset,saycan,rougeL_f1,300,0.05887858873999794,0.03467741270760625,-0.024201176032391702,-0.028698201059961567,-0.019799231479260274,-41.103526002061145,8.784433165783447e-24,-0.6883123301210773,,,SCoT,2.505190199130835e-22,True,True
dataset,MultiArith,token_f1,300,0.03316822024133936,0.035692897494789,0.0025246772534496397,-0.000530995942199269,0.005515400910999937,7.611735676739738,0.2698485699912324,0.07553743513713862,,,MGCoT,0.34921579645924195,False,False
dataset,QASports,token_f1,300,0.009679811187734493,0.0007037753218236963,-0.008976035865910796,-0.010413107686185986,-0.0075729067587808245,-92.72945196787035,4.278257454787309e-20,-0.9863568215892053,,,SCoT,9.150717333850634e-19,True,True
dataset,SVAMP,token_f1,300,0.029118269748144233,0.028482656509920896,-0.0006356132382233344,-0.004051080327359867,0.0029465843318647812,-2.1828674702206277,0.06277857503216958,-0.13657437638761918,,,SCoT,0.09478333877405995,False,False
dataset,StrategyQA,token_f1,300,0.000496610335164293,0.000590875952037476,9.4265616873183e-05,-0.0005595253782790306,0.0008096707959964648,18.98180730411042,0.84375,0.14285714285714285,,,MGCoT,0.9150528169014085,False,False
dataset,aqua,token_f1,300,0.012573365068806262,0.015992105997426953,0.0034187409286206877,0.0012332221801754804,0.005895105397065944,27.190341725640113,0.0024262963559046904,0.2658295129891702,,,MGCoT,0.004469493287192851,True,False
dataset,asdiv,token_f1,300,0.042106327454222665,0.04937821603269043,0.0072718885784677605,0.0014380950249784459,0.013599548886561124,17.270298831864743,0.38350516557354686,-0.060189452124935997,,,MGCoT,0.4702213017382661,False,False
dataset,clutrr,token_f1,300,0.03222705357503333,0.05223321677613969,0.020006163201106368,0.011772785816728354,0.02826317291086132,62.07878469102546,0.18584290319938512,0.0993349066723879,,,MGCoT,0.25024533120388265,False,False
dataset,date,token_f1,300,0.009004801508864901,0.037447776103301036,0.028442974594436135,0.015525397525253726,0.04286803701520535,315.8645370076737,0.017343048678620333,0.28564749883122953,,,MGCoT,0.028473662009675174,True,False
dataset,gsm8k,token_f1,300,0.4084161198884031,0.36883417294167437,-0.03958194694672861,-0.05537567475845736,-0.02435676755841843,-9.691573133191733,0.0012702774510036834,-0.2146622369878184,,,SCoT,0.0024825219220122744,True,False
dataset,saycan,token_f1,300,0.10177863351650338,0.09499723611310525,-0.0067813974033981315,-0.012320248621597718,-0.0011321526667808317,-6.662889026014021,0.018108573926441364,-0.16122901488755148,,,SCoT,0.02966723813480819,True,True
dataset,MultiArith,char_f1,300,0.11647452526283933,0.12324306027123086,0.006768535008391564,0.004138379469968815,0.009387726005706655,5.811172007885431,5.661432183594595e-09,0.40170310116929336,,,MGCoT,2.3311779579507156e-08,True,False
dataset,QASports,char_f1,300,0.026035655735964256,0.014755754075001626,-0.011279901660962637,-0.01504094648459535,-0.007640176089100769,-43.32482260234063,9.226060895291778e-12,-0.5761025817951814,,,SCoT,5.775664137702983e-11,True,True
dataset,SVAMP,char_f1,300,0.11942770409222547,0.12615516217993397,0.006727458087708505,0.003505181588959097,0.010101455970932335,5.633079978254769,1.8527684510918444e-05,0.2946922086772166,,,MGCoT,4.6319211277296116e-05,True,False
dataset,StrategyQA,char_f1,300,0.21583060890460218,0.22662946936204734,0.010798860457445152,0.005722623927886066,0.015859898225122154,5.003396187525136,0.0010370675256810597,0.22377622377622378,,,MGCoT,0.0020528071845100668,True,False
dataset,aqua,char_f1,300,0.04513117890594236,0.047138369156547566,0.0020071902506052126,0.0007811826505890483,0.003145082535263937,4.447458052864931,3.512585072314994e-14,0.5300312432665374,,,MGCoT,3.181988830214759e-13,True,False
dataset,asdiv,char_f1,300,0.07185492107258241,0.07712299414830101,0.005268073075718591,0.0014774727723961094,0.009034891768205364,7.331541106832727,0.006139997320099053,0.18858686050326848,,,MGCoT,0.010624265025789371,True,False
dataset,clutrr,char_f1,300,0.5307648310918385,0.5612899081482517,0.030525077056413396,0.018789334156099766,0.042480536551660286,5.751149147094041,1.4901179502492507e-05,0.2948848238482385,,,MGCoT,3.761937120301387e-05,True,False
dataset,date,char_f1,300,0.26770346232175113,0.3592030107949376,0.09149954847318646,0.07307575199018472,0.1105201600645959,34.17944156553856,5.207745265900321e-17,0.5611370980498497,,,MGCoT,9.11355421532556e-16,True,False
dataset,gsm8k,char_f1,300,0.8233738396056121,0.8180320886633784,-0.00534175094223362,-0.010702804401571002,-1.488452221555852e-05,-0.6487637431852664,0.2100471447617187,-0.08565820144767514,,,SCoT,0.27894381819100217,False,False
dataset,saycan,char_f1,300,0.6767537292017689,0.6548202725913408,-0.021933456610428028,-0.029849524150600562,-0.014135223065346966,-3.2409805316179847,6.594830247568268e-08,-0.36915715863084286,,,SCoT,2.3293666470768651e-07,True,True
dataset,MultiArith,output_words,300,114.72333333333333,92.43666666666667,-22.286666666666665,-28.563416666666665,-16.12316666666667,-19.426446232966267,6.935981217565426e-11,-0.4380897846999542,,,MGCoT,3.9856011474069983e-10,True,False
dataset,QASports,output_words,300,142.59666666666666,83.17666666666666,-59.42,-69.52333333333333,-49.58316666666667,-41.66997826036139,9.547322481131741e-23,-0.6560795492805997,,,MGCoT,2.3714317130553037e-21,True,True
dataset,SVAMP,output_words,300,130.14666666666668,107.93333333333334,-22.213333333333335,-28.263666666666666,-16.04641666666667,-17.067923368507326,2.0164454545779155e-11,-0.4496086996086996,,,MGCoT,1.2036147287015464e-10,True,False
dataset,StrategyQA,output_words,300,174.70333333333335,133.41333333333333,-41.29,-48.260083333333334,-34.416333333333334,-23.634351567419053,4.348704866374498e-24,-0.6800045808520385,,,MGCoT,1.287885671964755e-22,True,False
dataset,aqua,output_words,300,168.57,145.35666666666665,-23.213333333333335,-28.87075,-17.649500000000007,-13.770738170097488,5.694869515883758e-13,-0.48249836169299254,,,MGCoT,4.176237644981422e-12,True,False
dataset,asdiv,output_words,300,93.95333333333333,84.93333333333334,-9.02,-15.133416666666665,-2.593166666666669,-9.600510891932165,0.005375086746814686,-0.18666393666393666,,,MGCoT,0.009363838902821964,True,False
dataset,clutrr,output_words,300,83.02666666666667,70.62,-12.406666666666666,-20.44333333333333,-4.813083333333337,-14.942990203950535,0.0013988642396740973,-0.2206605222734255,,,MGCoT,0.0026995625677921175,True,False
dataset,date,output_words,300,91.96,57.36666666666667,-34.593333333333334,-41.60008333333334,-27.868833333333352,-37.61780484268523,4.784594017854109e-17,-0.5617924208528235,,,MGCoT,8.567761380808521e-16,True,False
dataset,gsm8k,output_words,300,157.87333333333333,137.78666666666666,-20.086666666666666,-25.276833333333332,-15.046166666666673,-12.72328026688062,2.7509829773922e-11,-0.4458002847264592,,,MGCoT,1.6294283789169184e-10,True,False
dataset,saycan,output_words,300,133.47666666666666,100.22333333333333,-33.25333333333333,-42.06008333333334,-24.036583333333333,-24.913218290337888,2.1258832502597114e-10,-0.43484062268346924,,,MGCoT,1.1692357876428414e-09,True,True
dataset,MultiArith,truncated,300,0.013333333333333334,0.35333333333333333,0.34,0.2866666666666667,0.39666666666666667,2550.0,1.3982559545042434e-28,0.9622641509433962,2.0,104.0,SCoT,4.893895840764852e-27,True,False
dataset,QASports,truncated,300,0.23666666666666666,0.29,0.05333333333333334,-0.013333333333333334,0.12,22.535211267605636,0.14478233933005072,0.1509433962264151,45.0,61.0,SCoT,0.20159566235829848,False,True
dataset,SVAMP,truncated,300,0.11333333333333333,0.37333333333333335,0.26,0.2,0.32,229.41176470588238,1.4016007077149398e-15,0.75,13.0,91.0,SCoT,2.011462891673813e-14,True,False
dataset,StrategyQA,truncated,300,0.5033333333333333,0.5466666666666666,0.043333333333333335,-0.03333333333333333,0.11666666666666667,8.60927152317881,0.29807066339153954,0.09774436090225563,60.0,73.0,SCoT,0.380620913451883,False,False
dataset,aqua,truncated,300,0.6133333333333333,0.62,0.006666666666666667,-0.06,0.07666666666666666,1.0869565217391306,0.9226851594412753,0.018867924528301886,52.0,54.0,SCoT,0.9881329245754965,False,False
dataset,asdiv,truncated,300,0.023333333333333334,0.3433333333333333,0.32,0.26666666666666666,0.37333333333333335,1371.4285714285713,6.979604631123946e-26,0.9411764705882353,3.0,99.0,SCoT,2.239289819152266e-24,True,False
dataset,clutrr,truncated,300,0.01,0.4066666666666667,0.39666666666666667,0.33666666666666667,0.45666666666666667,3966.6666666666665,1.4344792661954539e-33,0.967479674796748,2.0,121.0,SCoT,6.49734726453235e-32,True,False
dataset,date,truncated,300,0.06666666666666667,0.22666666666666666,0.16,0.10991666666666669,0.21,240.0,1.3936467518320873e-08,0.6486486486486487,13.0,61.0,SCoT,5.286246300052744e-08,True,False
dataset,gsm8k,truncated,300,0.36,0.49,0.13,0.06,0.2,36.111111111111114,0.0004453106769171578,0.3277310924369748,40.0,79.0,SCoT,0.0009168160995353247,True,False
dataset,saycan,truncated,300,0.2,0.4266666666666667,0.22666666666666666,0.15333333333333332,0.29333333333333333,113.33333333333331,1.7803381639606352e-09,0.5230769230769231,31.0,99.0,SCoT,7.744973933614063e-09,True,True
dataset,MultiArith,delta_time_seconds,300,90.53467833333333,85.94168133333334,-4.592996999999999,-10.555297516666666,1.3949252249999882,-5.0731908309094145,0.25770277350078186,-0.07539313399778516,,,MGCoT,0.33575488256447045,False,False
dataset,QASports,delta_time_seconds,300,104.729129,70.72668666666667,-34.002442333333335,-41.82455015,-26.25866960833334,-32.467034394350144,1.8187773629444225e-12,-0.46945736434108526,,,MGCoT,1.2616743869073922e-11,True,True
dataset,SVAMP,delta_time_seconds,300,101.11434333333334,95.52864066666666,-5.585702666666665,-11.25478135833333,0.16829327499999638,-5.524144728164677,0.08345061998925252,-0.11530454042081949,,,MGCoT,0.12216155397666242,False,False
dataset,StrategyQA,delta_time_seconds,300,130.400411,116.45034733333334,-13.950063666666665,-19.67530491666667,-8.241521308333331,-10.697867866893967,0.0765762132059463,-0.11796234772978959,,,MGCoT,0.11330615514996407,False,False
dataset,aqua,delta_time_seconds,300,140.27986566666664,131.41454766666666,-8.865318,-12.991649250000002,-4.663307575000003,-6.319736590756217,0.9031399375360727,-0.008106312292358805,,,MGCoT,0.9712538434396313,False,False
dataset,asdiv,delta_time_seconds,300,77.43678233333333,85.12138433333334,7.684602000000002,1.091932916666667,13.916377516666666,9.923710371798467,0.004350817504863144,0.18994462901439646,,,SCoT,0.007737019581396354,True,False
dataset,clutrr,delta_time_seconds,300,73.08567966666666,75.082797,1.9971173333333323,-5.430049558333333,9.468141099999977,2.732569967799299,0.325668233639719,0.06547065337763013,,,SCoT,0.41176443333757573,False,False
dataset,date,delta_time_seconds,300,92.82138433333334,63.57268166666666,-29.248702666666667,-36.567660958333335,-21.93262757500002,-31.510737398217284,4.3813017536731234e-13,-0.4824806201550388,,,MGCoT,3.3074532846355934e-12,True,False
dataset,gsm8k,delta_time_seconds,300,129.9846676666667,123.14977933333333,-6.834888333333335,-11.193395666666667,-2.638416208333335,-5.2582265708912335,0.13986076140726855,-0.09833887043189368,,,MGCoT,0.19544970287404137,False,False
dataset,saycan,delta_time_seconds,300,101.41776999999999,89.76672366666666,-11.651046333333337,-19.531727383333333,-4.3552879500000055,-11.488170498457357,0.051758392012253004,-0.12956810631229235,,,MGCoT,0.0795263672407387,False,True
dataset,MultiArith,target_error,300,0.4544647469610184,0.478407519499715,0.023942772538696647,0.016478838282975923,0.03136174169909775,5.268345388459873,2.0426288910146976e-08,0.3748288478373101,,,SCoT,7.561655029237101e-08,True,False
dataset,QASports,target_error,300,0.5694029635028924,0.5644011181876125,-0.005001845315279881,-0.01647197128323429,0.006397393855346171,-0.8784368252158687,0.6451683471818666,0.03072463768115942,,,MGCoT,0.7252257333285216,False,True
dataset,SVAMP,target_error,300,0.42213764731133563,0.44955474800944556,0.027417100698109997,0.0200039262188699,0.035099200289785644,6.494824821414066,1.5605624498476607e-10,0.4269788182831661,,,SCoT,8.707486133207961e-10,True,False
dataset,StrategyQA,target_error,300,0.5757539253623878,0.5334363553917454,-0.042317569970642455,-0.050155824437017736,-0.034558660904665396,-7.349940331541321,6.223106412769518e-22,-0.6433301160467778,,,MGCoT,1.4093505699507438e-20,True,False
dataset,aqua,target_error,299,0.46574033659253145,0.4534733251766072,-0.012267011415924308,-0.019628903051899866,-0.005241267498083445,-2.6338735239624556,0.11320271900725336,-0.10568561872909699,,,MGCoT,0.16052687594030401,False,False
dataset,asdiv,target_error,300,0.4354460054173707,0.4684180773051586,0.032972071887787946,0.02507479560230134,0.04087921822644894,7.572023047078946,7.624277612763817e-13,0.4806624806624807,,,SCoT,5.5383903413473014e-12,True,False
dataset,clutrr,target_error,300,0.42324331606410753,0.35333452087515077,-0.06990879518895676,-0.08608190312662184,-0.05419133810724738,-16.517400874528605,3.83631406990303e-10,-0.4285890783296269,,,MGCoT,1.99592015799009e-09,True,False
dataset,date,target_error,300,0.4460273066368264,0.4344240353541425,-0.011603271282683831,-0.03042922806616551,0.007138966720457801,-2.6014710557019076,0.05851225500322754,0.1264393616304909,,,MGCoT,0.08886476598123315,False,False
dataset,gsm8k,target_error,300,0.2764802220563125,0.286277740375268,0.009797518318955511,0.0036450575108478668,0.015999121190585587,3.543659740319504,0.002157381533848413,0.20434108527131783,,,SCoT,0.0040222367580224645,True,False
dataset,saycan,target_error,300,0.37636711063179473,0.40915377496876154,0.032786664336966864,0.023081462325887293,0.04258704317290357,8.711352137525779,3.877139299598091e-12,0.47355083940449794,,,SCoT,2.5645468401059678e-11,True,True
model,gemma2_2b,accuracy,500,0.41,0.352,-0.058,-0.098,-0.02,-14.146341463414636,0.005077381119448144,-0.2871287128712871,65.0,36.0,SCoT,0.00892598963921249,True,False
model,llama3.2_1b,accuracy,500,0.37,0.03,-0.34,-0.386,-0.294,-91.89189189189189,3.5727667957599997e-40,-0.8762886597938144,182.0,12.0,SCoT,1.9650217376679997e-38,True,False
model,mistral_7b,accuracy,500,0.38,0.208,-0.172,-0.222,-0.124,-45.26315789473684,1.053572672891221e-11,-0.524390243902439,125.0,39.0,SCoT,6.542346436501936e-11,True,False
model,openchat_7b,accuracy,500,0.444,0.452,0.008,-0.036,0.050049999999999276,1.8018018018018018,0.789395944688143,0.031746031746031744,61.0,65.0,MGCoT,0.8683355391569574,False,False
model,phi3_mini,accuracy,500,0.468,0.384,-0.084,-0.13,-0.036,-17.94871794871795,0.0005851398425063666,-0.2916666666666667,93.0,51.0,SCoT,0.0011888065401844388,True,False
model,qwen2_1.5b,accuracy,500,0.364,0.366,0.002,-0.034,0.038,0.5494505494505495,1.0,0.011764705882352941,42.0,43.0,MGCoT,1.0,False,False
model,gemma2_2b,semantic_similarity,500,0.26244310563711043,0.2823901556711644,0.019947050034053972,0.009937617024573773,0.030400578549175404,7.6005235441907475,0.06950838199307253,0.09368463073852296,,,MGCoT,0.10412734267444718,False,False
model,llama3.2_1b,semantic_similarity,500,0.2655754212979227,0.11041368178417904,-0.15516173951374368,-0.17298690896840999,-0.13774658453747982,-58.42473627846875,1.0274680071983158e-51,-0.7809181636726547,,,SCoT,6.592919712855861e-50,True,False
model,mistral_7b,semantic_similarity,500,0.28130560683226213,0.23684565651137382,-0.044459950320888314,-0.05485735612101853,-0.03425555056496524,-15.804857507656804,1.2302260917731143e-18,-0.4548183632734531,,,SCoT,2.3104246113787756e-17,True,False
model,openchat_7b,semantic_similarity,500,0.27874072010826784,0.27623499177981287,-0.0025057283284550067,-0.011375722883152776,0.006440878390276332,-0.8989459191616272,0.0016708513454570682,-0.16223552894211576,,,SCoT,0.0031766803358072655,True,False
model,phi3_mini,semantic_similarity,500,0.26323504030006006,0.2760422484499868,0.012807208149926733,0.00020466705836006007,0.02604748687538667,4.865312815242177,0.3321015665035184,0.05005988023952096,,,MGCoT,0.41673542233942384,False,False
model,qwen2_1.5b,semantic_similarity,500,0.2512026023347862,0.2536260907916585,0.0024234884568722906,-0.003906871313217565,0.008698274136352118,0.9647545186026479,0.9447140713062333,-0.0036994514606454904,,,MGCoT,1.0,False,False
model,gemma2_2b,bert_score_f1,500,0.7706170556545258,0.7995029295682907,0.028885873913764952,0.026417080864310265,0.031426837998628616,3.74840833093561,4.811349519893329e-75,0.9460598802395209,,,MGCoT,1.8523695651589316e-72,True,False
model,llama3.2_1b,bert_score_f1,500,0.775266501545906,0.7615430519580841,-0.01372344958782196,-0.016318312200903892,-0.011194048124551773,-1.7701589789391088,4.330435780538334e-25,-0.5340359281437126,,,SCoT,1.3337742204058068e-23,True,False
model,mistral_7b,bert_score_f1,500,0.7820161625146865,0.7770175331830979,-0.004998629331588745,-0.007122266867756843,-0.0028040668368339537,-0.6391977009164269,2.5339386362090427e-15,-0.4083672654690619,,,SCoT,2.8277286230158878e-14,True,False
model,openchat_7b,bert_score_f1,500,0.7783907747268677,0.7994746553897858,0.02108388066291809,0.0190588740080595,0.02308953215777874,2.70864986424284,4.111293413591685e-65,0.8795289421157685,,,MGCoT,3.957119910581997e-63,True,False
model,phi3_mini,bert_score_f1,500,0.7814683147668838,0.7901044894456863,0.00863617467880249,0.0038430989116430294,0.012678491005301475,1.1051215405168036,3.474620186934316e-05,0.21367664670658681,,,MGCoT,8.360804824810697e-05,True,False
model,qwen2_1.5b,bert_score_f1,500,0.7918788979053497,0.7947963569164276,0.0029174590110778807,0.001055937346816063,0.004733527266979216,0.3684223709957471,0.029425160638800827,0.11617735498332513,,,MGCoT,0.04700699936073991,True,False
model,gemma2_2b,rougeL_f1,500,0.04389919100564678,0.10071131910095103,0.05681212809530425,0.04703074660282417,0.06701743614388836,129.41497734661323,2.2534982698330597e-26,0.6177600719655594,,,MGCoT,7.5443202946585045e-25,True,False
model,llama3.2_1b,rougeL_f1,500,0.04175748502535042,0.012536389117918129,-0.029221095907432288,-0.03429913903588441,-0.024688127952868188,-69.97810306270252,4.660560905970558e-55,-0.923925739649036,,,SCoT,3.2623926341793903e-53,True,False
model,mistral_7b,rougeL_f1,500,0.046215014419880004,0.045119985098161314,-0.0010950293217186881,-0.0068917356724040296,0.0056343986077449365,-2.369423304231723,1.7006668720541291e-07,-0.29912800501035797,,,SCoT,5.794307484432211e-07,True,False
model,openchat_7b,rougeL_f1,500,0.04834497194858317,0.08855906484403372,0.04021409289545057,0.03223240647794783,0.04855691891691133,83.18154148112833,1.0162121488031212e-19,0.5110941000326462,,,MGCoT,2.0591667225747455e-18,True,False
model,phi3_mini,rougeL_f1,500,0.05013659318422212,0.08268596588527939,0.03254937270105728,0.020301402364544047,0.0464166388552851,64.92138901711515,0.15691896423776663,0.07895998082913971,,,MGCoT,0.2153789705224248,False,False
model,qwen2_1.5b,rougeL_f1,500,0.06172933891977531,0.0752219851460119,0.01349264622623658,0.007487197154302368,0.02003968210481237,21.857752670528182,0.01668012033496519,0.1500086760367864,,,MGCoT,0.027502553871355882,True,False
model,gemma2_2b,token_f1,500,0.0664993962191607,0.08290363848640359,0.016404242267242863,0.011121362336529453,0.0217202275524667,24.66825745782674,9.460593603185244e-05,0.24358515335958944,,,MGCoT,0.0002168052700729952,True,False
model,llama3.2_1b,token_f1,500,0.06449298860402361,0.02423282317411389,-0.04026016542990973,-0.04774868067356727,-0.033458985162146175,-62.425647037541644,1.8865176292245258e-43,-0.9071719386157219,,,SCoT,1.1173989034637576e-41,True,False
model,mistral_7b,token_f1,500,0.0668391728748643,0.057832105023769786,-0.009007067851094494,-0.01380907335849569,-0.004038337932951225,-13.475732065023376,3.5810713736339484e-09,-0.3645681539091281,,,SCoT,1.49049997713413e-08,True,False
model,openchat_7b,token_f1,500,0.06700483861637849,0.08877646460520237,0.021771625988823907,0.016933287274637047,0.026727594756516804,32.49261760553231,1.1562145252407774e-14,0.4650515341784149,,,MGCoT,1.1562145252407774e-13,True,False
model,phi3_mini,token_f1,500,0.06926266607620753,0.0758652091931645,0.006602543116956961,-0.0007621166644493787,0.014947663762648415,9.532614741818328,0.116214743615593,-0.09286666391831912,,,MGCoT,0.16449513342648273,False,False
model,qwen2_1.5b,token_f1,500,0.07304246512389492,0.08100151706309117,0.007959051939196242,0.0037859304620141564,0.012188203026641089,10.896472244872987,0.0030838520316293578,0.2077627442941096,,,MGCoT,0.005613631357812306,True,False
model,gemma2_2b,char_f1,500,0.28749530730606215,0.3136827339510777,0.026187426645015548,0.018790532741845865,0.033932422927550325,9.108818815305705,4.389540272014253e-11,0.35346689506218815,,,MGCoT,2.560565158674981e-10,True,False
model,llama3.2_1b,char_f1,500,0.2856931825552124,0.2645848517606727,-0.02110833079453976,-0.025077523247741408,-0.01710042340485942,-7.388461497662938,4.998431281841467e-33,-0.6400272031320363,,,SCoT,2.138217826121072e-31,True,False
model,mistral_7b,char_f1,500,0.28326673052073953,0.2836631568392832,0.0003964263185436625,-0.0056117020184327,0.0068314029127498795,0.13994806866831752,0.005230174870772401,-0.14787262273330384,,,MGCoT,0.009163925224532576,True,False
model,openchat_7b,char_f1,500,0.2886024889975291,0.3235236148233146,0.03492112582578547,0.028580455406221908,0.04163729646263997,12.100077843086257,1.4255392653345048e-23,0.5321260210874806,,,MGCoT,3.920232979669888e-22,True,False
model,phi3_mini,char_f1,500,0.2886964528581517,0.31190006809047754,0.02320361523232591,0.014683794181047347,0.032005862619955285,8.037374551230384,0.0036886044304328034,0.15424445479628768,,,MGCoT,0.006682883321019432,True,False
model,qwen2_1.5b,char_f1,500,0.3022561114793809,0.30767962816975686,0.0054235166903759255,0.0004670714499461578,0.01039398039960937,1.7943447574412084,0.019579118969450596,0.1358804458738585,,,MGCoT,0.031872984368873064,True,False
model,gemma2_2b,output_words,500,142.07,68.15,-73.92,-78.5921,-69.2479,-52.03068909692406,1.3724782444041345e-74,-0.9459407044677705,,,MGCoT,3.5226941606372786e-72,True,False
model,llama3.2_1b,output_words,500,160.902,142.43,-18.472,-26.158250000000002,-11.261300000000011,-11.480279921940063,0.002173337297859058,-0.15869514274401428,,,MGCoT,0.004042197389737862,True,False
model,mistral_7b,output_words,500,125.89,133.458,7.568,2.7299,12.324099999999998,6.011597426324569,5.1008939296348014e-05,0.20929058116232466,,,SCoT,0.00012085194848673221,True,False
model,openchat_7b,output_words,500,124.174,73.264,-50.91,-54.60615,-47.0675,-40.99892086910303,2.157332153329326e-66,-0.8883672654690619,,,MGCoT,2.7685762634393018e-64,True,False
model,phi3_mini,output_words,500,129.008,110.976,-18.032,-22.59825,-13.177850000000003,-13.977427756418207,2.1427630764034846e-12,-0.364030959953268,,,MGCoT,1.460112892770516e-11,True,False
model,qwen2_1.5b,output_words,500,92.574,79.67,-12.904,-17.9181,-7.7637000000000045,-13.9391189750902,2.6895124241615813e-07,-0.28140273089131856,,,MGCoT,8.850104985488964e-07,True,False
model,gemma2_2b,truncated,500,0.292,0.132,-0.16,-0.2,-0.12,-54.79452054794521,5.50839085025408e-14,-0.6666666666666666,100.0,20.0,MGCoT,4.93193134266935e-13,True,False
model,llama3.2_1b,truncated,500,0.264,0.844,0.58,0.528,0.632,219.69696969696966,2.1171645259861096e-62,0.8285714285714286,30.0,320.0,SCoT,1.6302166850093044e-60,True,False
model,mistral_7b,truncated,500,0.194,0.704,0.51,0.462,0.558,262.88659793814435,4.4621727512334285e-63,0.9074733096085409,13.0,268.0,SCoT,3.817636687166378e-61,True,False
model,openchat_7b,truncated,500,0.142,0.09,-0.052,-0.084,-0.022,-36.61971830985916,0.0015627893448280279,-0.40625,45.0,19.0,MGCoT,0.0029859746787036763,True,False
model,phi3_mini,truncated,500,0.27,0.558,0.288,0.234,0.342,106.66666666666664,1.7042380399427987e-23,0.6486486486486487,39.0,183.0,SCoT,4.525045830192949e-22,True,False
model,qwen2_1.5b,truncated,500,0.122,0.118,-0.004,-0.036,0.028,-3.278688524590164,0.9021585000966994,-0.030303030303030304,34.0,32.0,MGCoT,0.9712538434396313,False,False
model,gemma2_2b,delta_time_seconds,500,118.50295820000001,60.3462442,-58.15671400000001,-62.222099435000004,-54.136138175,-49.076170657147365,2.885217124778078e-69,-0.9079441117764471,,,MGCoT,4.4432343721582406e-67,True,False
model,llama3.2_1b,delta_time_seconds,500,115.16437119999999,131.3586566,16.194285400000002,10.410957374999999,21.440660575,14.0618884393301,3.3079176775284613e-19,0.46235528942115767,,,SCoT,6.5310169530690134e-18,True,False
model,mistral_7b,delta_time_seconds,500,104.44646619999999,135.0794652,30.632999000000005,26.508776599999997,34.79341227999999,29.32889940128966,1.776144139131931e-38,0.6695089820359281,,,SCoT,9.11753991421058e-37,True,False
model,openchat_7b,delta_time_seconds,500,105.79515860000001,62.6798942,-43.1152644,-46.226117644999995,-39.86328833,-40.75353255342631,8.576142561027885e-66,-0.8842475049900199,,,MGCoT,9.433756817130674e-64,True,False
model,phi3_mini,delta_time_seconds,500,113.372226,112.47149280000001,-0.9007331999999992,-5.588964315000002,3.845871765,-0.79449194196822,0.42601985287064925,0.041085828343313376,,,MGCoT,0.5143310531498202,False,False
model,qwen2_1.5b,delta_time_seconds,500,67.8016466,60.11740879999999,-7.684237800000001,-11.16100124,-4.219533825,-11.333408826091844,0.0012398003413761332,-0.16669061876247504,,,MGCoT,0.0024291253507878435,True,False
model,gemma2_2b,target_error,500,0.47464350737078825,0.41713385571813,-0.057509651652658256,-0.0680594306308192,-0.046603475618858116,-12.11638856522525,1.1210575913519425e-20,-0.48124550898203594,,,MGCoT,2.466326700974274e-19,True,False
model,llama3.2_1b,target_error,500,0.4562709398080968,0.49780756931539877,0.041536629507301984,0.032823595295130306,0.050053315367027874,9.103500986666363,4.0634061328552903e-22,0.4990818363273453,,,SCoT,9.481280976662343e-21,True,False
model,mistral_7b,target_error,500,0.4418850336266193,0.47014480231024924,0.028259768683629987,0.021600409473888436,0.0343623330916693,6.395276267154301,2.5112948354689105e-23,0.5135808383233533,,,SCoT,6.445656744370204e-22,True,False
model,openchat_7b,target_error,500,0.43218304986210115,0.41742702495540934,-0.014756024906691778,-0.021794790629720784,-0.008088030341139429,-3.4142997767728414,0.004091797749568103,-0.14818363273453095,,,MGCoT,0.0073271727143428824,True,False
model,phi3_mini,target_error,499,0.4411589648592677,0.44313787661865894,0.0019789117593912438,-0.008246121734122046,0.011496832730859802,0.44857113127521464,1.462952001226145e-06,0.24883366733466933,,,SCoT,4.234861056180946e-06,True,False
model,qwen2_1.5b,target_error,500,0.4208474900516067,0.41285692927120204,-0.007990560780404717,-0.014331114616250895,-0.0014278097643741652,-1.8986832449505329,0.08477293979396329,-0.09294935829741892,,,MGCoT,0.12339350404792389,False,False
model x dataset,gemma2_2b / MultiArith,accuracy,50,0.98,0.78,-0.2,-0.32,-0.08,-20.408163265306122,0.00634765625,-0.8333333333333334,11.0,1.0,SCoT,0.0109100341796875,True,False
model x dataset,gemma2_2b / QASports,accuracy,50,0.1,0.04,-0.06,-0.14,0.02,-60.0,0.375,-0.6,4.0,1.0,SCoT,0.46274038461538464,False,True
model x dataset,gemma2_2b / SVAMP,accuracy,50,0.6,0.44,-0.16,-0.32,-0.02,-26.666666666666668,0.076812744140625,-0.5,12.0,4.0,SCoT,0.11330615514996407,False,False
model x dataset,gemma2_2b / StrategyQA,accuracy,50,0.18,0.1,-0.08,-0.2,0.04,-44.44444444444444,0.34375,-0.4,7.0,3.0,SCoT,0.428296925566343,False,False
model x dataset,gemma2_2b / aqua,accuracy,50,0.3,0.32,0.02,-0.1,0.14,6.666666666666667,1.0,0.1111111111111111,4.0,5.0,MGCoT,1.0,False,False
model x dataset,gemma2_2b / asdiv,accuracy,50,0.84,0.68,-0.16,-0.3,-0.04,-19.047619047619047,0.03857421875,-0.6666666666666666,10.0,2.0,SCoT,0.06024776559330629,False,False
model x dataset,gemma2_2b / clutrr,accuracy,50,0.28,0.42,0.14,0.0,0.28,50.0,0.09228515625,0.5384615384615384,3.0,10.0,MGCoT,0.13332001934803,False,False
model x dataset,gemma2_2b / date,accuracy,50,0.4,0.26,-0.14,-0.26,-0.04,-35.0,0.0390625,-0.7777777777777778,8.0,1.0,SCoT,0.06088689271255061,False,False
model x dataset,gemma2_2b / gsm8k,accuracy,50,0.42,0.48,0.06,-0.08,0.22,14.285714285714286,0.6072387695312499,0.2,6.0,9.0,MGCoT,0.6894728116313954,False,False
model x dataset,gemma2_2b / saycan,accuracy,50,0.0,0.0,0.0,0.0,0.0,,1.0,0.0,0.0,0.0,,1.0,False,True
model x dataset,llama3.2_1b / MultiArith,accuracy,50,0.78,0.02,-0.76,-0.88,-0.64,-97.43589743589743,7.275957614183426e-12,-1.0,38.0,0.0,SCoT,4.668739469101032e-11,True,False
model x dataset,llama3.2_1b / QASports,accuracy,50,0.36,0.0,-0.36,-0.5,-0.22,-100.0,7.62939453125e-06,-1.0,18.0,0.0,SCoT,2.018774497959622e-05,True,True
model x dataset,llama3.2_1b / SVAMP,accuracy,50,0.44,0.02,-0.42,-0.56,-0.28,-95.45454545454545,5.7220458984375e-06,-0.9130434782608695,22.0,1.0,SCoT,1.529852549235026e-05,True,False
model x dataset,llama3.2_1b / StrategyQA,accuracy,50,0.14,0.06,-0.08,-0.2,0.04,-57.14285714285714,0.34375,-0.4,7.0,3.0,SCoT,0.428296925566343,False,False
model x dataset,llama3.2_1b / aqua,accuracy,50,0.2,0.06,-0.14,-0.28,0.0,-70.0,0.09228515625,-0.5384615384615384,10.0,3.0,SCoT,0.13332001934803,False,False
model x dataset,llama3.2_1b / asdiv,accuracy,50,0.82,0.02,-0.8,-0.92,-0.68,-97.5609756097561,1.9554136088117957e-11,-0.9523809523809523,41.0,1.0,SCoT,1.1763034990508459e-10,True,False
model x dataset,llama3.2_1b / clutrr,accuracy,50,0.46,0.06,-0.4,-0.54,-0.26,-86.95652173913044,1.0967254638671875e-05,-0.9090909090909091,21.0,1.0,SCoT,2.8149286905924478e-05,True,False
model x dataset,llama3.2_1b / date,accuracy,50,0.18,0.04,-0.14,-0.26,-0.02,-77.77777777777779,0.0654296875,-0.6363636363636364,9.0,2.0,SCoT,0.09840011596679688,False,False
model x dataset,llama3.2_1b / gsm8k,accuracy,50,0.32,0.02,-0.3,-0.44,-0.16,-93.75,0.000274658203125,-0.8823529411764706,16.0,1.0,SCoT,0.0005890997671483287,True,False
model x dataset,llama3.2_1b / saycan,accuracy,50,0.0,0.0,0.0,0.0,0.0,,1.0,0.0,0.0,0.0,,1.0,False,True
model x dataset,mistral_7b / MultiArith,accuracy,50,0.78,0.34,-0.44,-0.6,-0.26,-56.41025641025641,2.744048833847046e-05,-0.7857142857142857,25.0,3.0,SCoT,6.772171801481492e-05,True,False
model x dataset,mistral_7b / QASports,accuracy,50,0.16,0.18,0.02,-0.12,0.16,12.5,1.0,0.07692307692307693,6.0,7.0,MGCoT,1.0,False,True
model x dataset,mistral_7b / SVAMP,accuracy,50,0.64,0.24,-0.4,-0.54,-0.26,-62.5,1.9073486328125e-06,-1.0,20.0,0.0,SCoT,5.3600673257869526e-06,True,False
model x dataset,mistral_7b / StrategyQA,accuracy,50,0.18,0.36,0.18,0.04,0.32,100.0,0.03515625,0.6,3.0,12.0,MGCoT,0.05535851226993865,False,False
model x dataset,mistral_7b / aqua,accuracy,50,0.24,0.14,-0.1,-0.22,0.02,-41.66666666666667,0.1796875,-0.5555555555555556,7.0,2.0,SCoT,0.24316234622144112,False,False
model x dataset,mistral_7b / asdiv,accuracy,50,0.86,0.22,-0.64,-0.78,-0.48,-74.4186046511628,1.941225491464138e-08,-0.8888888888888888,34.0,2.0,SCoT,7.220983712209596e-08,True,False
model x dataset,mistral_7b / clutrr,accuracy,50,0.34,0.16,-0.18,-0.3,-0.06,-52.94117647058823,0.0224609375,-0.6923076923076923,11.0,2.0,SCoT,0.03641036184210526,True,False
model x dataset,mistral_7b / date,accuracy,50,0.16,0.32,0.16,0.02,0.3,100.0,0.057373046875,0.5714285714285714,3.0,11.0,MGCoT,0.08747969523514851,False,False
model x dataset,mistral_7b / gsm8k,accuracy,50,0.44,0.12,-0.32,-0.46,-0.2,-72.72727272727273,3.0517578125e-05,-1.0,16.0,0.0,SCoT,7.43624530261076e-05,True,False
model x dataset,mistral_7b / saycan,accuracy,50,0.0,0.0,0.0,0.0,0.0,,1.0,0.0,0.0,0.0,,1.0,False,True
model x dataset,openchat_7b / MultiArith,accuracy,50,0.9,0.84,-0.06,-0.2,0.06,-6.666666666666666,0.548828125,-0.2727272727272727,7.0,4.0,SCoT,0.6335796945277361,False,False
model x dataset,openchat_7b / QASports,accuracy,50,0.14,0.02,-0.12,-0.22049999999999984,-0.02,-85.71428571428571,0.0703125,-0.75,7.0,1.0,SCoT,0.10492369186046512,False,True
model x dataset,openchat_7b / SVAMP,accuracy,50,0.72,0.76,0.04,-0.1,0.18,5.555555555555555,0.79052734375,0.14285714285714285,6.0,8.0,MGCoT,0.868339592992154,False,False
model x dataset,openchat_7b / StrategyQA,accuracy,50,0.34,0.28,-0.06,-0.24,0.12,-17.64705882352941,0.6776394844055176,-0.13043478260869565,13.0,10.0,SCoT,0.7584046555119891,False,False
model x dataset,openchat_7b / aqua,accuracy,50,0.36,0.48,0.12,-0.02,0.26,33.333333333333336,0.14599609375,0.5,3.0,9.0,MGCoT,0.20291875846119134,False,False
model x dataset,openchat_7b / asdiv,accuracy,50,0.86,0.74,-0.12,-0.24,0.0,-13.953488372093023,0.109375,-0.6,8.0,2.0,SCoT,0.155385147601476,False,False
model x dataset,openchat_7b / clutrr,accuracy,50,0.36,0.52,0.16,-0.04,0.34,44.44444444444444,0.15158963203430176,0.3333333333333333,8.0,16.0,MGCoT,0.20955837821618017,False,False
model x dataset,openchat_7b / date,accuracy,50,0.26,0.36,0.1,0.0,0.2,38.46153846153846,0.125,0.7142857142857143,1.0,6.0,MGCoT,0.17660550458715596,False,False
model x dataset,openchat_7b / gsm8k,accuracy,50,0.5,0.52,0.02,-0.14,0.18,4.0,1.0,0.058823529411764705,8.0,9.0,MGCoT,1.0,False,False
model x dataset,openchat_7b / saycan,accuracy,50,0.0,0.0,0.0,0.0,0.0,,1.0,0.0,0.0,0.0,,1.0,False,True
model x dataset,phi3_mini / MultiArith,accuracy,50,0.94,0.7,-0.24,-0.38,-0.1,-25.531914893617024,0.004180908203125,-0.75,14.0,2.0,SCoT,0.0074693719638196055,True,False
model x dataset,phi3_mini / QASports,accuracy,50,0.1,0.12,0.02,-0.08,0.12,20.0,1.0,0.14285714285714285,3.0,4.0,MGCoT,1.0,False,True
model x dataset,phi3_mini / SVAMP,accuracy,50,0.76,0.6,-0.16,-0.3,0.0,-21.05263157894737,0.076812744140625,-0.5,12.0,4.0,SCoT,0.11330615514996407,False,False
model x dataset,phi3_mini / StrategyQA,accuracy,50,0.16,0.18,0.02,-0.12,0.16,12.5,1.0,0.07692307692307693,6.0,7.0,MGCoT,1.0,False,False
model x dataset,phi3_mini / aqua,accuracy,50,0.36,0.42,0.06,-0.1,0.22,16.666666666666668,0.629058837890625,0.17647058823529413,7.0,10.0,MGCoT,0.711270639024642,False,False
model x dataset,phi3_mini / asdiv,accuracy,50,0.82,0.38,-0.44,-0.6,-0.28,-53.65853658536586,2.744048833847046e-05,-0.7857142857142857,25.0,3.0,SCoT,6.772171801481492e-05,True,False
model x dataset,phi3_mini / clutrr,accuracy,50,0.54,0.44,-0.1,-0.26,0.06,-18.51851851851852,0.332305908203125,-0.29411764705882354,11.0,6.0,SCoT,0.41673542233942384,False,False
model x dataset,phi3_mini / date,accuracy,50,0.38,0.38,0.0,-0.14,0.14,0.0,1.0,0.0,6.0,6.0,,1.0,False,False
model x dataset,phi3_mini / gsm8k,accuracy,50,0.62,0.62,0.0,-0.16,0.16,0.0,1.0,0.0,9.0,9.0,,1.0,False,False
model x dataset,phi3_mini / saycan,accuracy,50,0.0,0.0,0.0,0.0,0.0,,1.0,0.0,0.0,0.0,,1.0,False,True
model x dataset,qwen2_1.5b / MultiArith,accuracy,50,0.9,0.84,-0.06,-0.2,0.08,-6.666666666666666,0.5810546875,-0.23076923076923078,8.0,5.0,SCoT,0.665860312077408,False,False
model x dataset,qwen2_1.5b / QASports,accuracy,50,0.04,0.04,0.0,-0.06,0.06,0.0,1.0,0.0,1.0,1.0,,1.0,False,True
model x dataset,qwen2_1.5b / SVAMP,accuracy,50,0.62,0.5,-0.12,-0.24,0.0,-19.35483870967742,0.109375,-0.6,8.0,2.0,SCoT,0.155385147601476,False,False
model x dataset,qwen2_1.5b / StrategyQA,accuracy,50,0.2,0.1,-0.1,-0.22,0.02,-50.0,0.2265625,-0.45454545454545453,8.0,3.0,SCoT,0.2987211044520548,False,False
model x dataset,qwen2_1.5b / aqua,accuracy,50,0.24,0.36,0.12,-0.04,0.28,50.0,0.210113525390625,0.375,5.0,11.0,MGCoT,0.27894381819100217,False,False
model x dataset,qwen2_1.5b / asdiv,accuracy,50,0.84,0.86,0.02,-0.08,0.12,2.380952380952381,1.0,0.14285714285714285,3.0,4.0,MGCoT,1.0,False,False
model x dataset,qwen2_1.5b / clutrr,accuracy,50,0.28,0.48,0.2,0.08,0.32,71.42857142857142,0.00634765625,0.8333333333333334,1.0,11.0,MGCoT,0.0109100341796875,True,False
model x dataset,qwen2_1.5b / date,accuracy,50,0.16,0.1,-0.06,-0.14,0.0,-37.5,0.25,-1.0,3.0,0.0,SCoT,0.32682512733446517,False,False
model x dataset,qwen2_1.5b / gsm8k,accuracy,50,0.36,0.38,0.02,-0.1,0.16,5.555555555555555,1.0,0.09090909090909091,5.0,6.0,MGCoT,1.0,False,False
model x dataset,qwen2_1.5b / saycan,accuracy,50,0.0,0.0,0.0,0.0,0.0,,1.0,0.0,0.0,0.0,,1.0,False,True
model x dataset,gemma2_2b / MultiArith,semantic_similarity,50,0.16105600111186502,0.14815842084586617,-0.012897580265998845,-0.026573196191340704,0.0012894864864647314,-8.008133926683392,0.023004472374226752,-0.36941176470588233,,,SCoT,0.03721311707595504,True,False
model x dataset,gemma2_2b / QASports,semantic_similarity,50,0.10233359992504117,0.07725762222893533,-0.02507597769610584,-0.03606667943857611,-0.014009075405076161,-24.504148895840526,6.825250486741652e-05,-0.6219607843137255,,,SCoT,0.00016022691691436195,True,True
model x dataset,gemma2_2b / SVAMP,semantic_similarity,50,0.12640381112694737,0.11767840608954426,-0.008725405037403116,-0.019837355883792058,0.0022518093343823903,-6.902802185798172,0.20447619481721802,-0.20784313725490197,,,SCoT,0.2728711785255769,False,False
model x dataset,gemma2_2b / StrategyQA,semantic_similarity,50,0.030383677100908234,0.02373263926245271,-0.006651037838455527,-0.018349479168071416,0.005575569686592621,-21.890167593496155,0.09130577606126522,-0.2752941176470588,,,SCoT,0.1324019728195371,False,False
model x dataset,gemma2_2b / aqua,semantic_similarity,50,0.11332708902657028,0.11053414992988106,-0.0027929390966892247,-0.01246485325694084,0.006808446655049917,-2.4644938122732527,0.3374027667706141,-0.15764705882352942,,,SCoT,0.4224392364445087,False,False
model x dataset,gemma2_2b / asdiv,semantic_similarity,50,0.26030388198792936,0.27570720814168453,0.015403326153755196,-0.006623157732188712,0.03486734456196428,5.917440045888163,0.056738698656332076,0.30980392156862746,,,MGCoT,0.08668412294717401,False,False
model x dataset,gemma2_2b / clutrr,semantic_similarity,50,0.3281204217672348,0.3816804152727127,0.0535599935054779,0.03597559528052807,0.07010555701702832,16.32327339365448,5.951474850718341e-07,0.7552941176470588,,,MGCoT,1.8185062043861599e-06,True,False
model x dataset,gemma2_2b / date,semantic_similarity,50,0.3048478788137436,0.5855927887558937,0.2807449099421501,0.24861361192911863,0.312863567776978,92.09344379715368,3.552713678800501e-15,0.9984313725490196,,,MGCoT,3.747382921474501e-14,True,False
model x dataset,gemma2_2b / gsm8k,semantic_similarity,50,0.7628156387805939,0.796941494345665,0.034125855565071105,0.006129596218466757,0.05991702222824095,4.473670154380069,9.915398697479816e-05,0.6094117647058823,,,MGCoT,0.000225883343108268,True,False
model x dataset,gemma2_2b / saycan,semantic_similarity,50,0.4348390567302704,0.30661841183900834,-0.12822064489126206,-0.1479411538951099,-0.11075892759114504,-29.486920024020982,1.7763568394002505e-15,-1.0,,,SCoT,2.011462891673813e-14,True,True
model x dataset,llama3.2_1b / MultiArith,semantic_similarity,50,0.1609796073287725,0.09924063108861443,-0.06173897624015808,-0.07842953168600798,-0.04538443787954749,-38.35204797963452,3.9194779804935673e-07,-0.8243137254901961,,,SCoT,1.2522813464647498e-06,True,False
model x dataset,llama3.2_1b / QASports,semantic_similarity,50,0.08830572120379653,0.0887061180407181,0.00040039683692156213,-0.01931067563523538,0.02145490748772859,0.45342117301494606,0.5852066143769612,-0.09019607843137255,,,MGCoT,0.6685594852674482,False,True
model x dataset,llama3.2_1b / SVAMP,semantic_similarity,50,0.12859381012618537,0.0902155507355928,-0.03837825939059258,-0.05534838612377642,-0.021606315949931752,-29.844561999471907,9.915398697479816e-05,-0.6094117647058823,,,SCoT,0.000225883343108268,True,False
model x dataset,llama3.2_1b / StrategyQA,semantic_similarity,50,0.0189892994845286,0.07073022704571483,0.05174092756118623,0.030890028947324014,0.07232927224464941,272.4741247213558,1.7805245978053108e-05,0.6643137254901961,,,MGCoT,4.4658108804888905e-05,True,False
model x dataset,llama3.2_1b / aqua,semantic_similarity,50,0.10791406027972694,0.06844968272373077,-0.03946437755599619,-0.058480024811346086,-0.021532272774726167,-36.57019062548431,0.0001858580190070569,-0.5874509803921568,,,SCoT,0.00040426744247297686,True,False
model x dataset,llama3.2_1b / asdiv,semantic_similarity,50,0.2969853416085243,0.1006768365949392,-0.1963085050135851,-0.21447949333302677,-0.17770119414292276,-66.10040211087323,1.7763568394002505e-15,-1.0,,,SCoT,2.011462891673813e-14,True,False
model x dataset,llama3.2_1b / clutrr,semantic_similarity,50,0.3373079949617386,0.09192290026694533,-0.24538509469479322,-0.264986745139584,-0.22510427152644844,-72.74808138556801,1.7763568394002505e-15,-1.0,,,SCoT,2.011462891673813e-14,True,False
model x dataset,llama3.2_1b / date,semantic_similarity,50,0.3027248701453209,0.09991523738950488,-0.20280963275581598,-0.2314070644620806,-0.17478766826353967,-66.99470468298779,8.881784197001252e-15,-0.9952941176470588,,,SCoT,8.998649778540742e-14,True,False
model x dataset,llama3.2_1b / gsm8k,semantic_similarity,50,0.7843638908863068,0.15311035458929834,-0.6312535362970084,-0.6677275953560602,-0.5927261653521564,-80.47967832681736,1.7763568394002505e-15,-1.0,,,SCoT,2.011462891673813e-14,True,False
model x dataset,llama3.2_1b / saycan,semantic_similarity,50,0.4295896169543266,0.24116927936673163,-0.188420337587595,-0.23031182675063608,-0.14803242640942338,-43.86054274855241,4.218847493575595e-12,-0.9513725490196079,,,SCoT,2.7529767542823795e-11,True,True
model x dataset,mistral_7b / MultiArith,semantic_similarity,50,0.17026039525866504,0.1369386142864823,-0.033321780972182746,-0.05027290054690093,-0.016100703320465978,-19.571069902404037,0.0007549339759211904,-0.5341176470588235,,,SCoT,0.0015098679518423808,True,False
model x dataset,mistral_7b / QASports,semantic_similarity,50,0.08954152017366138,0.09612164068967101,0.0065801205160096335,-0.009178291414398692,0.022695705184712995,7.348680816729281,0.35718707191412413,0.15137254901960784,,,MGCoT,0.4428889619547111,False,True
model x dataset,mistral_7b / SVAMP,semantic_similarity,50,0.14016487095504995,0.12390792026650158,-0.016256950688548388,-0.0301446878577117,-0.0023540313623379855,-11.598448725260052,0.038081706053025854,-0.33647058823529413,,,SCoT,0.059720801753217735,False,False
model x dataset,mistral_7b / StrategyQA,semantic_similarity,50,0.04175636241212485,0.06978246340062466,0.02802610098849981,0.012061054775258529,0.04423388109216461,67.11815725682521,0.0014315119741414861,0.5074509803921569,,,MGCoT,0.0027487885787754224,True,False
model x dataset,mistral_7b / aqua,semantic_similarity,50,0.13549644164741037,0.09177968408912417,-0.04371675755828619,-0.0567492625815794,-0.031106071240268658,-32.264136996339865,2.8573925447972215e-08,-0.8211764705882353,,,SCoT,1.037826537497104e-07,True,False
model x dataset,mistral_7b / asdiv,semantic_similarity,50,0.29381348580121996,0.20666379421949388,-0.08714969158172607,-0.10712863395363091,-0.06648328157141807,-29.66156959884658,2.2601653881793027e-10,-0.9027450980392157,,,SCoT,1.2170121320965477e-09,True,False
model x dataset,mistral_7b / clutrr,semantic_similarity,50,0.3700622624158859,0.2598172274231911,-0.11024503499269485,-0.13616183996200562,-0.0853276276811958,-29.790942279004533,7.65609797781508e-12,-0.9450980392156862,,,SCoT,4.872062349518687e-11,True,False
model x dataset,mistral_7b / date,semantic_similarity,50,0.3717170476913452,0.3652653193473816,-0.006451728343963618,-0.05148868566006421,0.04339387159049509,-1.7356557586029262,0.215052456193769,-0.20313725490196077,,,SCoT,0.2845195726274951,False,False
model x dataset,mistral_7b / gsm8k,semantic_similarity,50,0.7780333161354065,0.6526942481100559,-0.12533906802535058,-0.18844234646111727,-0.06800739124044779,-16.109730190980276,0.0013800985654270903,-0.5090196078431373,,,SCoT,0.002670039938137838,True,False
model x dataset,mistral_7b / saycan,semantic_similarity,50,0.42221036583185195,0.36548565328121185,-0.056724712550640106,-0.08797119853645563,-0.02915955871343613,-13.435177613150099,0.0008156048825487261,-0.5309803921568628,,,SCoT,0.0016227797404716256,True,True
model x dataset,openchat_7b / MultiArith,semantic_similarity,50,0.17883040323853489,0.14654465060681102,-0.03228575263172388,-0.04255418473761529,-0.021548739152960482,-18.05383874723985,4.56562391448756e-07,-0.7615686274509804,,,SCoT,1.4211271472649904e-06,True,False
model x dataset,openchat_7b / QASports,semantic_similarity,50,0.09549647022155108,0.0672345771922846,-0.02826189302926649,-0.03822652176504924,-0.018483202236333447,-29.594699116835535,7.239255257474042e-07,-0.7505882352941177,,,SCoT,2.2032516001007956e-06,True,True
model x dataset,openchat_7b / SVAMP,semantic_similarity,50,0.14307985860854383,0.1202594029344618,-0.02282045567408204,-0.03419759733881803,-0.011430114363320185,-15.949453610041061,0.00032407658280853013,-0.5670588235294117,,,SCoT,0.000685546617479583,True,False
model x dataset,openchat_7b / StrategyQA,semantic_similarity,50,0.03457602750509976,0.026249884043354533,-0.008326143461745232,-0.020451928239432163,0.003553412640176232,-24.0806826652286,0.30905100446984335,-0.16705882352941176,,,SCoT,0.39398886331420424,False,False
model x dataset,openchat_7b / aqua,semantic_similarity,50,0.14542030632495875,0.10953509110957381,-0.03588521521538497,-0.050034516423009344,-0.021231089031323813,-24.676894253815725,7.518488965629899e-06,-0.6894117647058824,,,SCoT,1.9962884494948352e-05,True,False
model x dataset,openchat_7b / asdiv,semantic_similarity,50,0.28179408978670833,0.2584605319797993,-0.023333557806909093,-0.03771514215320349,-0.009478745016269413,-8.280357414369622,0.002049094724295486,-0.49176470588235294,,,SCoT,0.003838936588096166,True,False
model x dataset,openchat_7b / clutrr,semantic_similarity,50,0.34102178007364276,0.361417318880558,0.020395538806915293,0.0004492267891764687,0.04006532481312751,5.980714429005364,0.05935623218713815,0.30666666666666664,,,MGCoT,0.08979233552867656,False,False
model x dataset,openchat_7b / date,semantic_similarity,50,0.3445618996024132,0.5491332632303237,0.20457136362791062,0.18031892178207637,0.22673878134787084,59.371440621834175,1.2434497875801753e-14,0.9937254901960785,,,MGCoT,1.1968204205459188e-13,True,False
model x dataset,openchat_7b / gsm8k,semantic_similarity,50,0.7836961233615876,0.8193897593021393,0.035693635940551756,0.01992089691758156,0.051662370264530175,4.554525009955059,0.0001302957841744501,0.6,,,MGCoT,0.0002882981431446166,True,False
model x dataset,openchat_7b / saycan,semantic_similarity,50,0.43893024235963823,0.3041254385188222,-0.13480480384081603,-0.1593052551327273,-0.11091301834955812,-30.712124805099094,1.7763568394002505e-14,-0.9921568627450981,,,SCoT,1.668042397973406e-13,True,True
model x dataset,phi3_mini / MultiArith,semantic_similarity,50,0.1595643915981054,0.15268688239157197,-0.00687750920653343,-0.021357004150748246,0.00820877952687442,-4.310177939860043,0.28177216719762155,-0.17490196078431372,,,SCoT,0.3634247382615889,False,False
model x dataset,phi3_mini / QASports,semantic_similarity,50,0.09100301416125145,0.11339565334841606,0.022392639187164606,0.0035888279902283188,0.04049084744520952,24.606480778193013,0.033687793845592395,0.34431372549019607,,,MGCoT,0.05315492061702079,False,True
model x dataset,phi3_mini / SVAMP,semantic_similarity,50,0.13452165257185694,0.13039550613611933,-0.00412614643573762,-0.014420955765061088,0.006057200778275701,-3.0672730797248953,0.5210251168620434,-0.10588235294117647,,,SCoT,0.6078626363390507,False,False
model x dataset,phi3_mini / StrategyQA,semantic_similarity,50,0.02183357239700852,0.07392549287294967,0.05209192047594114,0.035146887189301194,0.06933352115424347,238.58633634813884,1.0490046520317264e-07,0.7945098039215687,,,MGCoT,3.6715162821110425e-07,True,False
model x dataset,phi3_mini / aqua,semantic_similarity,50,0.13169282885268327,0.14381463117897508,0.012121802326291804,-0.007744200579356392,0.03494172598887235,9.204603190544054,0.9313837099567692,0.014901960784313726,,,MGCoT,0.9960631342593227,False,False
model x dataset,phi3_mini / asdiv,semantic_similarity,50,0.2660423158109188,0.20852932319045067,-0.057512992620468155,-0.08000773992761971,-0.0348350667431951,-21.61798676468585,9.040639391599825e-05,-0.6125490196078431,,,SCoT,0.0002090478177637197,True,False
model x dataset,phi3_mini / clutrr,semantic_similarity,50,0.34842728585004806,0.29680677406489847,-0.051620511785149585,-0.0799095462448895,-0.025062033688649538,-14.815289697881296,0.004316904154682888,-0.45725490196078433,,,SCoT,0.007694481942374592,True,False
model x dataset,phi3_mini / date,semantic_similarity,50,0.30288528606295584,0.5913916978240014,0.28850641176104547,0.23185533325001598,0.34473249206691975,95.25269963133115,1.8989254613188677e-12,0.9592156862745098,,,MGCoT,1.3055112546567216e-11,True,False
model x dataset,phi3_mini / gsm8k,semantic_similarity,50,0.7869510102272034,0.7856735235452652,-0.001277486681938167,-0.026766844376921648,0.02237911495566368,-0.162333698710081,0.5210251168620434,0.10588235294117647,,,SCoT,0.6078626363390507,False,False
model x dataset,phi3_mini / saycan,semantic_similarity,50,0.3894290454685688,0.26380299994722006,-0.1256260455213487,-0.16706772529194133,-0.08732161980262029,-32.2590333163755,9.051156624195755e-08,-0.7976470588235294,,,SCoT,3.1823701372743066e-07,True,True
model x dataset,qwen2_1.5b / MultiArith,semantic_similarity,50,0.14164402233436701,0.13923314709682014,-0.0024108752375468527,-0.012229817206622088,0.008000892728334296,-1.7020663476046338,0.4067239816119823,-0.13795918367346938,,,SCoT,0.49475113087081574,False,False
model x dataset,qwen2_1.5b / QASports,semantic_similarity,50,0.08949961334466931,0.06310825780150477,-0.026391355543164536,-0.04202173484140076,-0.009867794045974747,-29.487675484730385,0.0005401097091670692,-0.5526530612244898,,,SCoT,0.0011031418463093986,True,True
model x dataset,qwen2_1.5b / SVAMP,semantic_similarity,50,0.11695551447104659,0.11298753824084994,-0.003967976230196664,-0.014689793115481738,0.006796926963143033,-3.392722650267998,0.48959604016600267,-0.11510204081632654,,,SCoT,0.5808766578240709,False,False
model x dataset,qwen2_1.5b / StrategyQA,semantic_similarity,50,0.024325300669297566,0.04861921705305575,0.024293916383758173,0.007792848995653908,0.041236607449536646,99.87098089365446,0.004054454056230838,0.46938775510204084,,,MGCoT,0.007277225229132274,True,False
model x dataset,qwen2_1.5b / aqua,semantic_similarity,50,0.1296263951808214,0.13332062438130377,0.0036942292004823675,-0.012192574115470041,0.020831486180424675,2.849905063956403,0.9542249738357711,0.01019607843137255,,,MGCoT,1.0,False,False
model x dataset,qwen2_1.5b / asdiv,semantic_similarity,50,0.25388688683509825,0.26208896964788436,0.0082020828127861,-0.005184630163013942,0.022542244974523774,3.2306051387811237,0.4096199329785293,0.1400709219858156,,,MGCoT,0.49748793121998036,False,False
model x dataset,qwen2_1.5b / clutrr,semantic_similarity,50,0.31814212948083875,0.3303325536847115,0.012190424203872691,-0.004843327827751625,0.030373346902430057,3.8317541357272216,0.25714455873549014,0.20557491289198607,,,MGCoT,0.33559544106157185,False,False
model x dataset,qwen2_1.5b / date,semantic_similarity,50,0.36649361580610273,0.3943150654435158,0.027821449637413023,0.0018920725956559285,0.055409649364650225,7.591250826080488,0.14475396353790515,0.24081632653061225,,,MGCoT,0.20159566235829848,False,False
model x dataset,qwen2_1.5b / gsm8k,semantic_similarity,50,0.8006932854652404,0.802211365699768,0.00151808023452759,-0.014691700458526608,0.018337620943784716,0.18959572436598043,0.7961309923635564,-0.043137254901960784,,,MGCoT,0.8720069190895283,False,False
model x dataset,qwen2_1.5b / saycan,semantic_similarity,50,0.2707592597603798,0.2500441688671708,-0.020715090893208984,-0.05488391405250877,0.012358587389811826,-7.650741441508486,0.12664361778297462,-0.29429429429429427,,,SCoT,0.17859997379650266,False,True
model x dataset,gemma2_2b / MultiArith,bert_score_f1,50,0.7518121004104614,0.7780461394786835,0.026234039068222047,0.02200972455739975,0.03059470763802528,3.489440919333333,9.066026281609868e-10,0.9952941176470588,,,MGCoT,4.155262045737856e-09,True,False
model x dataset,gemma2_2b / QASports,bert_score_f1,50,0.7509764814376831,0.7909306108951568,0.03995412945747376,0.034515066534280776,0.04519160240888594,5.320290374604654,2.4868995751603507e-14,0.9905882352941177,,,MGCoT,2.2796579438969883e-13,True,True
model x dataset,gemma2_2b / SVAMP,bert_score_f1,50,0.749759064912796,0.7705723655223846,0.020813300609588622,0.017554723769426347,0.024161141812801358,2.7759985285418862,9.769962616701378e-14,0.9827450980392157,,,MGCoT,8.266891444901165e-13,True,False
model x dataset,gemma2_2b / StrategyQA,bert_score_f1,50,0.7559748816490174,0.7756208491325378,0.01964596748352051,0.016166440904140475,0.023173377871513363,2.5987592921958615,1.2434497875801753e-13,0.9811764705882353,,,MGCoT,1.0295229424050915e-12,True,False
model x dataset,gemma2_2b / aqua,bert_score_f1,50,0.7546955525875092,0.7593000519275666,0.004604499340057373,0.002390082746744156,0.006909327745437621,0.6101134854009183,0.0001302957841744501,0.6,,,MGCoT,0.0002882981431446166,True,False
model x dataset,gemma2_2b / asdiv,bert_score_f1,50,0.7722410535812378,0.7955574560165405,0.023316402435302735,0.01890202909708023,0.02793311482667923,3.0193166145692234,2.4868995751603507e-14,0.9905882352941177,,,MGCoT,2.2796579438969883e-13,True,False
model x dataset,gemma2_2b / clutrr,bert_score_f1,50,0.7981315112113953,0.8351631379127502,0.03703162670135498,0.03319057354331016,0.040764795869588845,4.639790082357328,1.7763568394002505e-15,1.0,,,MGCoT,2.011462891673813e-14,True,False
model x dataset,gemma2_2b / date,bert_score_f1,50,0.7783293306827546,0.8618706965446472,0.0835413658618927,0.07087192425131798,0.09549467685818674,10.733421261230099,1.5631940186722204e-13,0.9796078431372549,,,MGCoT,1.2670098888185366e-12,True,False
model x dataset,gemma2_2b / gsm8k,bert_score_f1,50,0.8251653611660004,0.8496109676361084,0.02444560647010803,0.019575552701950074,0.02940815731883049,2.9625100156367634,8.842704346534447e-12,0.9435294117647058,,,MGCoT,5.581051103960266e-11,True,False
model x dataset,gemma2_2b / saycan,bert_score_f1,50,0.7690852189064026,0.7783570206165313,0.009271801710128784,0.005635396391153336,0.012877019196748728,1.205562333301995,1.8759072675678112e-05,0.6627450980392157,,,MGCoT,4.674590925654416e-05,True,True
model x dataset,llama3.2_1b / MultiArith,bert_score_f1,50,0.7537920165061951,0.7403001940250397,-0.013491822481155396,-0.016318414241075517,-0.010693105131387711,-1.789860092136504,1.34718902700115e-11,-0.9388235294117647,,,SCoT,8.167996462920358e-11,True,False
model x dataset,llama3.2_1b / QASports,bert_score_f1,50,0.7522801613807678,0.7817488205432892,0.029468659162521362,0.025138930171728132,0.03358556371927261,3.9172452864413305,9.769962616701378e-14,0.9827450980392157,,,MGCoT,8.266891444901165e-13,True,True
model x dataset,llama3.2_1b / SVAMP,bert_score_f1,50,0.751385589838028,0.7432713556289673,-0.00811423420906067,-0.011166482150554656,-0.005119701683521282,-1.0799028247014706,5.367254770405339e-06,-0.6988235294117647,,,SCoT,1.4399951823038713e-05,True,False
model x dataset,llama3.2_1b / StrategyQA,bert_score_f1,50,0.7650646471977234,0.7671382820606232,0.0020736348628997803,-0.0042919192612171165,0.0092063498198986,0.27104047618656596,0.8258163298101913,-0.03686274509803922,,,MGCoT,0.900677866790152,False,False
model x dataset,llama3.2_1b / aqua,bert_score_f1,50,0.7582173478603363,0.7520379948616028,-0.00617935299873352,-0.009851479530334472,-0.0020461897552013436,-0.8149843862279655,7.155652345502972e-05,-0.6203921568627451,,,SCoT,0.0001674727144692185,True,False
model x dataset,llama3.2_1b / asdiv,bert_score_f1,50,0.7704800641536713,0.7617764365673065,-0.008703627586364747,-0.01115184959769249,-0.006283893018960953,-1.1296369615903286,1.4895306321704993e-08,-0.8337254901960784,,,SCoT,5.594822374494071e-08,True,False
model x dataset,llama3.2_1b / clutrr,bert_score_f1,50,0.8025176870822907,0.7861654043197632,-0.016352282762527467,-0.020497783601284028,-0.011916663706302646,-2.0376227247999203,1.4895306321704993e-08,-0.8337254901960784,,,SCoT,5.594822374494071e-08,True,False
model x dataset,llama3.2_1b / date,bert_score_f1,50,0.7788275694847107,0.7377544355392456,-0.041073133945465086,-0.04825145551562309,-0.033359191089868546,-5.273713406504083,1.34718902700115e-11,-0.9388235294117647,,,SCoT,8.167996462920358e-11,True,False
model x dataset,llama3.2_1b / gsm8k,bert_score_f1,50,0.8385576713085174,0.7736922919750213,-0.06486537933349609,-0.07018344393372536,-0.05959598138928414,-7.735351014352737,1.7763568394002505e-15,-1.0,,,SCoT,2.011462891673813e-14,True,False
model x dataset,llama3.2_1b / saycan,bert_score_f1,50,0.7815422606468201,0.7715453040599823,-0.009996956586837769,-0.01410701933503151,-0.0058421633541584075,-1.2791319280116837,5.121092026350027e-05,-0.6313725490196078,,,SCoT,0.00012095830859783806,True,True
model x dataset,mistral_7b / MultiArith,bert_score_f1,50,0.7567625904083252,0.756117684841156,-0.0006449055671691894,-0.004715044409036636,0.0034597160518169373,-0.08521900730072014,0.5272794190915597,-0.10431372549019607,,,SCoT,0.6142286727692905,False,False
model x dataset,mistral_7b / QASports,bert_score_f1,50,0.7660345673561096,0.7628845167160034,-0.0031500506401062013,-0.006874350398778916,0.0006666485965251906,-0.41121520807843964,0.04294367729928261,-0.32862745098039214,,,SCoT,0.06653245778762096,False,True
model x dataset,mistral_7b / SVAMP,bert_score_f1,50,0.7560404229164124,0.7576995480060578,0.0016591250896453857,-0.0028849268853664398,0.006949316143989561,0.21944925685922195,0.7448958960780061,-0.05411764705882353,,,MGCoT,0.8252803452950571,False,False
model x dataset,mistral_7b / StrategyQA,bert_score_f1,50,0.7763418054580689,0.7655707907676697,-0.01077101469039917,-0.01346152064204216,-0.008138553321361548,-1.3874062448619386,4.792291008470784e-10,-0.8917647058823529,,,SCoT,2.443751044054638e-09,True,False
model x dataset,mistral_7b / aqua,bert_score_f1,50,0.7609259021282196,0.7588981652259826,-0.0020277369022369384,-0.0054969038367271425,0.0010545351207256295,-0.2664828331596544,0.43191110415215306,-0.12941176470588237,,,SCoT,0.5196430471830592,False,False
model x dataset,mistral_7b / asdiv,bert_score_f1,50,0.7793760633468628,0.7800250220298767,0.000648958683013916,-0.004249401837587357,0.00562378442287445,0.08326643754327052,1.0,0.000784313725490196,,,MGCoT,1.0,False,False
model x dataset,mistral_7b / clutrr,bert_score_f1,50,0.8101432704925537,0.7962410819530487,-0.013902188539505004,-0.017209658116102217,-0.010333172827959064,-1.7160160487481064,1.158324636207908e-08,-0.8384313725490196,,,SCoT,4.504595807475198e-08,True,False
model x dataset,mistral_7b / date,bert_score_f1,50,0.7859434378147125,0.7916168880462646,0.005673450231552128,-0.008336706876754758,0.02158880779147148,0.7218649534535148,0.31832456588976044,-0.16392156862745097,,,MGCoT,0.4038054624960717,False,False
model x dataset,mistral_7b / gsm8k,bert_score_f1,50,0.8416281116008758,0.8312737607955932,-0.010354350805282592,-0.019361214697360993,-0.0016148221194744279,-1.2302762541507077,0.10110987171644048,-0.26745098039215687,,,SCoT,0.14498063542208411,False,False
model x dataset,mistral_7b / saycan,bert_score_f1,50,0.7869654536247254,0.7698478734493256,-0.017117580175399782,-0.020272832572460174,-0.014015250146389008,-2.1751374341220475,1.5631940186722204e-13,-0.9796078431372549,,,SCoT,1.2670098888185366e-12,True,True
model x dataset,openchat_7b / MultiArith,bert_score_f1,50,0.7512764132022858,0.7703356897830963,0.019059276580810545,0.016385081261396407,0.021511138409376143,2.536919334332771,1.2434497875801753e-13,0.9811764705882353,,,MGCoT,1.0295229424050915e-12,True,False
model x dataset,openchat_7b / QASports,bert_score_f1,50,0.7661642074584961,0.7831391441822052,0.016974936723709106,0.013988780111074448,0.01994299769401549,2.2155742278822985,1.9539925233402755e-13,0.9780392156862745,,,MGCoT,1.5511074669814557e-12,True,True
model x dataset,openchat_7b / SVAMP,bert_score_f1,50,0.7541898083686829,0.7665777802467346,0.012387971878051757,0.009282922863960267,0.01568329408764838,1.6425536039590638,1.1467804483800137e-10,0.912156862745098,,,MGCoT,6.445408359508106e-10,True,False
model x dataset,openchat_7b / StrategyQA,bert_score_f1,50,0.7674086356163025,0.7873149728775024,0.01990633726119995,0.01732727640867233,0.022997875928878784,2.593968368001653,1.7763568394002505e-15,1.0,,,MGCoT,2.011462891673813e-14,True,False
model x dataset,openchat_7b / aqua,bert_score_f1,50,0.7594367396831513,0.7639091694355011,0.004472429752349853,0.0018348463475704193,0.007407364964485166,0.5889140620475933,0.005236528699732901,0.44784313725490194,,,MGCoT,0.009163925224532576,True,False
model x dataset,openchat_7b / asdiv,bert_score_f1,50,0.7718415772914886,0.7928094339370727,0.020967856645584107,0.01629367730021477,0.025836519926786417,2.716601082720052,2.6343371928305714e-12,0.956078431372549,,,MGCoT,1.7638605551996e-11,True,False
model x dataset,openchat_7b / clutrr,bert_score_f1,50,0.8061328673362732,0.8415711319446564,0.03543826460838318,0.03189834865927696,0.03898268955945968,4.396082338818761,1.7763568394002505e-15,1.0,,,MGCoT,2.011462891673813e-14,True,False
model x dataset,openchat_7b / date,bert_score_f1,50,0.7765990388393402,0.8424003136157989,0.06580127477645874,0.057777326315641406,0.07376072040200234,8.473004920892189,1.2434497875801753e-14,0.9937254901960785,,,MGCoT,1.1968204205459188e-13,True,False
model x dataset,openchat_7b / gsm8k,bert_score_f1,50,0.8414139354228973,0.8609370851516723,0.019523149728775023,0.015375492632389066,0.02372963473200797,2.320278867138399,1.0206946399193839e-10,0.9137254901960784,,,MGCoT,5.778932887778865e-10,True,False
model x dataset,openchat_7b / saycan,bert_score_f1,50,0.789444524049759,0.7857518327236176,-0.0036926913261413575,-0.006942893147468566,-0.0005494713187217737,-0.4677581785225742,0.012754181411053315,-0.4047058823529412,,,SCoT,0.02111982728281947,True,True
model x dataset,phi3_mini / MultiArith,bert_score_f1,50,0.7565251648426056,0.7654913568496704,0.008966192007064819,0.0060136780440807345,0.011925244212150571,1.1851809330004546,8.388769901869967e-06,0.7239215686274509,,,MGCoT,2.189611126928771e-05,True,False
model x dataset,phi3_mini / QASports,bert_score_f1,50,0.7651669609546662,0.7662864995002746,0.0011195385456085206,-0.0025672258734703063,0.004978987425565718,0.14631297517233627,0.7813934753886187,0.04627450980392157,,,MGCoT,0.8619956676923157,False,True
model x dataset,phi3_mini / SVAMP,bert_score_f1,50,0.7593386769294739,0.7621790015697479,0.0028403246402740477,-0.001207659900188446,0.006710197955369948,0.37405241252288435,0.16293225736063377,0.22823529411764706,,,MGCoT,0.22323458748698935,False,False
model x dataset,phi3_mini / StrategyQA,bert_score_f1,50,0.76909743309021,0.7696653544902802,0.0005679214000701904,-0.001950213462114334,0.0029841855764389026,0.07384258165942638,0.5398998476772991,0.1011764705882353,,,MGCoT,0.6270078279043778,False,False
model x dataset,phi3_mini / aqua,bert_score_f1,50,0.7593764388561248,0.7542822515964508,-0.005094187259674072,-0.03932738772034645,0.014743676990270606,-0.670838203427489,0.001715436079566146,0.4996078431372549,,,SCoT,0.0032534132543495875,True,False
model x dataset,phi3_mini / asdiv,bert_score_f1,50,0.7759711897373199,0.7775404512882232,0.0015692615509033203,-0.0024437686204910277,0.005697920322418207,0.20223193485244514,0.5852066143769612,0.09019607843137255,,,MGCoT,0.6685594852674482,False,False
model x dataset,phi3_mini / clutrr,bert_score_f1,50,0.809146363735199,0.8020770716667175,-0.007069292068481445,-0.01064888948202133,-0.0029674242734909085,-0.8736728465104912,0.0003107899432901462,-0.5686274509803921,,,SCoT,0.0006592513948578859,True,False
model x dataset,phi3_mini / date,bert_score_f1,50,0.7909945368766784,0.8816723203659058,0.0906777834892273,0.07424811565876006,0.10757725632190704,11.46376861808397,3.552713678800501e-15,0.9984313725490196,,,MGCoT,3.747382921474501e-14,True,False
model x dataset,phi3_mini / gsm8k,bert_score_f1,50,0.8468990921974182,0.8545021069049835,0.007603014707565306,0.0017840342223644234,0.013372143298387517,0.89774741496511,0.004757046552823496,0.45254901960784316,,,MGCoT,0.008401206068059844,True,False
model x dataset,phi3_mini / saycan,bert_score_f1,50,0.7821672904491425,0.7673484802246093,-0.014818810224533081,-0.018268667250871656,-0.011607488244771964,-1.8945832183833338,1.6058265828178264e-12,-0.9607843137254902,,,SCoT,1.1240786079724785e-11,True,True
model x dataset,qwen2_1.5b / MultiArith,bert_score_f1,50,0.7689129376411438,0.7716890120506287,0.0027760744094848635,-0.001290758192539215,0.007011696130037306,0.36103884764915656,0.13662389200597858,0.24571428571428572,,,MGCoT,0.19127344880837,False,False
model x dataset,qwen2_1.5b / QASports,bert_score_f1,50,0.7769005787372589,0.7739081537723541,-0.002992424964904785,-0.008295892417430877,0.002080531507730484,-0.38517476325845257,0.7825133747314545,-0.04653061224489796,,,SCoT,0.8619961352549643,False,True
model x dataset,qwen2_1.5b / SVAMP,bert_score_f1,50,0.7642747306823731,0.7685473477840423,0.004272617101669311,-0.001374803602695465,0.01014813077449798,0.5590420473348058,0.17448524444612445,0.22448979591836735,,,MGCoT,0.23779404995312534,False,False
model x dataset,qwen2_1.5b / StrategyQA,bert_score_f1,50,0.7777061438560486,0.7757299506664276,-0.0019761931896209715,-0.0061937432885169974,0.0023126070797443374,-0.2541053848208713,0.37829825244853765,-0.14795918367346939,,,SCoT,0.46606344701659835,False,False
model x dataset,qwen2_1.5b / aqua,bert_score_f1,50,0.7597997939586639,0.7643014442920685,0.004501650333404541,-0.0013721551597118378,0.011160769760608672,0.5924784883068089,0.6947463342363385,0.06509803921568627,,,MGCoT,0.775296633857943,False,False
model x dataset,qwen2_1.5b / asdiv,bert_score_f1,50,0.7912968409061432,0.8066196978092194,0.015322856903076172,0.009590248227119446,0.021576415151357647,1.9364233636430803,2.9836296604912604e-05,0.6666666666666666,,,MGCoT,7.339919612071151e-05,True,False
model x dataset,qwen2_1.5b / clutrr,bert_score_f1,50,0.8383748865127564,0.8408341956138611,0.0024593091011047364,-0.0017700577080249787,0.007063456326723096,0.2933424104978026,0.45634096628145926,0.13588850174216027,,,MGCoT,0.5456250683800057,False,False
model x dataset,qwen2_1.5b / date,bert_score_f1,50,0.8071984994411469,0.8153805947303772,0.008182095289230345,-0.0005014164447784422,0.017549694061279292,1.013641043051382,0.21578718136627728,0.20489795918367346,,,MGCoT,0.2850019376535738,False,False
model x dataset,qwen2_1.5b / gsm8k,bert_score_f1,50,0.8503195631504059,0.8484491586685181,-0.0018704044818878174,-0.006836545974016189,0.0031691269278526293,-0.21996488884226426,0.43191110415215306,-0.12941176470588237,,,SCoT,0.5196430471830592,False,False
model x dataset,qwen2_1.5b / saycan,bert_score_f1,50,0.7840050041675568,0.7825040137767791,-0.0015009903907775878,-0.004110168486833573,0.0011166161298751813,-0.1914516339562544,0.181412478297716,-0.25825825825825827,,,SCoT,0.24506597945480935,False,True
model x dataset,gemma2_2b / MultiArith,rougeL_f1,50,0.018282590610123085,0.04525697679446985,0.026974386184346767,0.019473583886523028,0.03466083323291224,147.54137835045668,7.905710188378587e-07,0.8023529411764706,,,MGCoT,2.3966129311226424e-06,True,False
model x dataset,gemma2_2b / QASports,rougeL_f1,50,0.007212173845453312,0.000333333333333332,-0.00687884051211998,-0.00881451197085999,-0.004882519909329742,-95.37818499004331,1.7702672619429976e-05,-0.8830645161290323,,,SCoT,4.4545940905101575e-05,True,True
model x dataset,gemma2_2b / SVAMP,rougeL_f1,50,0.012626863184273798,0.024453981425056736,0.011827118240782933,0.004502141240494377,0.02112690347068587,93.66632130387765,0.0024854051298461854,0.5435897435897435,,,MGCoT,0.004567450954609935,True,False
model x dataset,gemma2_2b / StrategyQA,rougeL_f1,50,0.000251572327044024,0.000330578512396694,7.900618535267003e-05,0.0,0.00023701855605801008,31.40495867768648,1.0,1.0,,,MGCoT,1.0,False,False
model x dataset,gemma2_2b / aqua,rougeL_f1,50,0.006464636808620802,0.0082438742766357,0.001779237468014898,-0.000273927476076331,0.004133879109088786,27.52262069297114,0.0630297064781189,0.4188034188034188,,,MGCoT,0.09497627003552163,False,False
model x dataset,gemma2_2b / asdiv,rougeL_f1,50,0.021322452154942308,0.0609635071284918,0.03964105497354949,0.021524062021828168,0.06062548846637819,185.91227071582915,4.3789438990415874e-06,0.723404255319149,,,MGCoT,1.1872488740359233e-05,True,False
model x dataset,gemma2_2b / clutrr,rougeL_f1,50,0.03285373039349257,0.18811448718195248,0.15526075678845994,0.13136529661808397,0.17755225213474304,472.5818192603567,2.2266488425868897e-09,0.971764705882353,,,MGCoT,9.578321836826286e-09,True,False
model x dataset,gemma2_2b / date,rougeL_f1,50,0.04578682050571814,0.3169402210147758,0.2711534005090577,0.2206961803903076,0.32330739019880245,592.2084073848158,2.433608869978343e-13,0.9764705882352941,,,MGCoT,1.8738788298833244e-12,True,False
model x dataset,gemma2_2b / gsm8k,rougeL_f1,50,0.23125448023918943,0.3211081500253086,0.08985366978611921,0.06858890791993941,0.11164615158512294,38.85488821370398,1.0206946399193839e-10,0.9137254901960784,,,MGCoT,5.778932887778865e-10,True,False
model x dataset,gemma2_2b / saycan,rougeL_f1,50,0.06293658998761041,0.04136808131708923,-0.02156850867052118,-0.03383932152067435,-0.008686139766219765,-34.27022130491518,0.0005966978973450665,-0.5435294117647059,,,SCoT,0.0012090983709360558,True,True
model x dataset,llama3.2_1b / MultiArith,rougeL_f1,50,0.014429510852886114,0.001497757076024478,-0.012931753776861631,-0.01472944040089842,-0.010926466839698747,-89.62018122932484,1.1181054358549096e-08,-1.0,,,SCoT,4.370259825422743e-08,True,False
model x dataset,llama3.2_1b / QASports,rougeL_f1,50,0.005947390087874379,0.00153964362024014,-0.00440774646763424,-0.006416446160596695,-0.002267116955026752,-74.11228122770716,0.00010432676391980052,-0.7983870967741935,,,SCoT,0.0002369663959240307,True,True
model x dataset,llama3.2_1b / SVAMP,rougeL_f1,50,0.011375557374076717,0.003470450019294682,-0.007905107354782035,-0.010144651166101927,-0.005704775612794404,-69.49204416828536,8.385523535072448e-07,-0.9051282051282051,,,SCoT,2.5222082507835095e-06,True,False
model x dataset,llama3.2_1b / StrategyQA,rougeL_f1,50,0.000277777777777776,0.0,-0.000277777777777776,-0.000833333333333328,0.0,-100.0,1.0,-1.0,,,SCoT,1.0,False,False
model x dataset,llama3.2_1b / aqua,rougeL_f1,50,0.00366570568468206,0.004233338003494695,0.0005676323188126339,-0.0019008622778767246,0.00442683449167214,15.484939808032262,0.34881019592285156,-0.24761904761904763,,,MGCoT,0.4331997594525737,False,False
model x dataset,llama3.2_1b / asdiv,rougeL_f1,50,0.017771849127980684,0.001212188683262502,-0.016559660444718183,-0.017926971576045864,-0.015068830978051544,-93.17916399957512,1.1085281760454818e-09,-1.0,,,SCoT,4.9625970671803545e-09,True,False
model x dataset,llama3.2_1b / clutrr,rougeL_f1,50,0.03292797287357039,0.002663738703776104,-0.030264234169794287,-0.03472241837304989,-0.025651400291939443,-91.91040786505825,1.8473407719288932e-09,-0.9965986394557823,,,SCoT,7.991305586433977e-09,True,False
model x dataset,llama3.2_1b / date,rougeL_f1,50,0.03254088745152248,0.005169016210119618,-0.027371871241402855,-0.03287318573136835,-0.021738316443322633,-84.1153188651658,1.0675360568787773e-08,-0.9294117647058824,,,SCoT,4.259081677702893e-08,True,False
model x dataset,llama3.2_1b / gsm8k,rougeL_f1,50,0.23978805502059192,0.07879389572563499,-0.16099415929495695,-0.1854512943462216,-0.13927674102060109,-67.14019148332117,1.7763568394002505e-15,-1.0,,,SCoT,2.011462891673813e-14,True,False
model x dataset,llama3.2_1b / saycan,rougeL_f1,50,0.058850144002541654,0.026783863137334097,-0.03206628086520757,-0.04445476020938264,-0.020662288593520192,-54.48802447080277,2.8391607465039215e-07,-0.7725490196078432,,,SCoT,9.263363452576354e-07,True,True
model x dataset,mistral_7b / MultiArith,rougeL_f1,50,0.01663432854141724,0.023687956111354314,0.007053627569937074,-0.0004230678889937809,0.015145363564231067,42.404041451835525,0.8282548495700608,0.03634751773049645,,,MGCoT,0.9020597371555117,False,False
model x dataset,mistral_7b / QASports,rougeL_f1,50,0.005607215850926115,0.008537887168416877,0.00293067131749076,0.00023585535941720746,0.0055810916622764765,52.26606921163408,0.025659215552319706,0.40487804878048783,,,MGCoT,0.04142053663582008,True,True
model x dataset,mistral_7b / SVAMP,rougeL_f1,50,0.014744445818959078,0.022689788491737865,0.007945342672778782,-0.00550071353869291,0.02514447816719282,53.887021393251004,0.10726747063108633,-0.2868217054263566,,,MGCoT,0.15295546738136384,False,False
model x dataset,mistral_7b / StrategyQA,rougeL_f1,50,0.0,0.0,0.0,0.0,0.0,,1.0,0.0,,,,1.0,False,False
model x dataset,mistral_7b / aqua,rougeL_f1,50,0.006409866974243546,0.006439767781159467,2.9900806915920083e-05,-0.0017331841789867046,0.0017627771142648529,0.4664809275460634,0.8855145392720127,0.030107526881720432,,,MGCoT,0.9563060241787514,False,False
model x dataset,mistral_7b / asdiv,rougeL_f1,50,0.025071916276744658,0.026583941822359014,0.0015120255456143536,-0.007413257244487202,0.01218377089300489,6.03075380806383,0.051847060201104966,-0.31918367346938775,,,MGCoT,0.0795263672407387,False,False
model x dataset,mistral_7b / clutrr,rougeL_f1,50,0.04058922443626371,0.022245142676764296,-0.018344081759499416,-0.025522274498780414,-0.010566725399534752,-45.19446235861118,6.507840275560284e-06,-0.6995918367346938,,,SCoT,1.733922841585266e-05,True,False
model x dataset,mistral_7b / date,rougeL_f1,50,0.03951236175082895,0.09402902561560281,0.05451666386477385,0.012344829297177338,0.11116624773103553,137.97369088834614,0.6596977023333945,0.07294117647058823,,,MGCoT,0.7393991714653767,False,False
model x dataset,mistral_7b / gsm8k,rougeL_f1,50,0.24255874693562923,0.20488853831884357,-0.037670208616785675,-0.06349248093456736,-0.013411501438240785,-15.530344336245552,0.012568191503659065,-0.4023529411764706,,,SCoT,0.02085669710736526,True,False
model x dataset,mistral_7b / saycan,rougeL_f1,50,0.0710220376137875,0.042097802995374994,-0.028924234618412505,-0.03726539187258791,-0.020734038719901843,-40.72571780564832,2.6378053519238165e-08,-0.8227450980392157,,,SCoT,9.626114317447103e-08,True,True
model x dataset,openchat_7b / MultiArith,rougeL_f1,50,0.017879959256025764,0.03941886864369562,0.02153890938766986,0.01615728096273617,0.02681783223584847,120.46397354295416,8.008242957657785e-10,0.883921568627451,,,MGCoT,3.765598159199938e-09,True,False
model x dataset,openchat_7b / QASports,rougeL_f1,50,0.009403492240453894,0.0,-0.009403492240453894,-0.011692847533895651,-0.007140188159585652,-100.0,1.7300371292901245e-06,-1.0,,,SCoT,4.879591903125992e-06,True,True
model x dataset,openchat_7b / SVAMP,rougeL_f1,50,0.014934355804402935,0.02907665601275322,0.014142300208350283,0.007539761053046699,0.02226113251593385,94.69641940753053,0.0001123942448380634,0.6540240518038853,,,MGCoT,0.00025085092326176473,True,False
model x dataset,openchat_7b / StrategyQA,rougeL_f1,50,0.0,0.0015111886079628,0.0015111886079628,0.0,0.0041034582970066805,,0.5,1.0,,,MGCoT,0.5886850152905199,False,False
model x dataset,openchat_7b / aqua,rougeL_f1,50,0.010797716956352548,0.011890827569855456,0.0010931106135029078,-0.002046956939637003,0.004444017828026381,10.123534613118428,0.3462669470816365,0.1649048625792812,,,MGCoT,0.4307359438656868,False,False
model x dataset,openchat_7b / asdiv,rougeL_f1,50,0.01998516741670576,0.05107440176083842,0.031089234344132657,0.01515765770102089,0.04997519016667789,155.5615406961511,0.0004182474950989651,0.5733333333333334,,,MGCoT,0.0008657273420059223,True,False
model x dataset,openchat_7b / clutrr,rougeL_f1,50,0.04448840928075831,0.18217963718577523,0.13769122790501698,0.11231179078331939,0.16297660133372469,309.4991035441895,3.569193464674167e-09,0.9592156862745098,,,MGCoT,1.49049997713413e-08,True,False
model x dataset,openchat_7b / date,rougeL_f1,50,0.03406499041094686,0.22695501798999465,0.19289002757904786,0.15223778399323978,0.2382514705928011,566.2412501870607,1.023291039922917e-09,0.9921568627450981,,,MGCoT,4.634906474944978e-09,True,False
model x dataset,openchat_7b / gsm8k,rougeL_f1,50,0.2594950214229799,0.30148396789427323,0.04198894647129323,0.026649211361183506,0.05850050168713713,16.18102198687302,1.9767201369091936e-06,0.7254901960784313,,,MGCoT,5.534816383345742e-06,True,False
model x dataset,openchat_7b / saycan,rougeL_f1,50,0.07240060669720569,0.0420000827751887,-0.030400523922016993,-0.040037261485598885,-0.020720377100863895,-41.989322063499095,3.256713547727941e-07,-0.7694117647058824,,,SCoT,1.053642618382569e-06,True,True
model x dataset,phi3_mini / MultiArith,rougeL_f1,50,0.020077225449525102,0.03590701072672782,0.015829785277202718,0.009048631808206264,0.02279466629718917,78.8444863410006,0.005352984972520121,0.45254901960784316,,,MGCoT,0.009346481698051004,True,False
model x dataset,phi3_mini / QASports,rougeL_f1,50,0.008755632638527001,0.004315011016340394,-0.004440621622186608,-0.00787163331683662,-0.0008143576330486692,-50.71731313448155,0.018312910942364608,-0.4038647342995169,,,SCoT,0.029874875901738873,True,True
model x dataset,phi3_mini / SVAMP,rougeL_f1,50,0.017305863402830853,0.02417787555304393,0.006872012150213083,0.0020805450994698447,0.012268921402994945,39.709155158875085,0.08394534558803517,0.28656462585034015,,,MGCoT,0.1225230030839734,False,False
model x dataset,phi3_mini / StrategyQA,rougeL_f1,50,0.000333333333333332,0.000242424242424242,-9.090909090909001e-05,-0.00027272727272727003,0.0,-27.272727272727106,1.0,-1.0,,,SCoT,1.0,False,False
model x dataset,phi3_mini / aqua,rougeL_f1,50,0.007421839495591178,0.010037977399991387,0.0026161379044002103,-0.0006813275495640843,0.005938446521444649,35.24918459843121,0.0703026114160922,0.35079365079365077,,,MGCoT,0.10492369186046512,False,False
model x dataset,phi3_mini / asdiv,rougeL_f1,50,0.022559332896003946,0.02298891200226595,0.00042957910626201365,-0.00510473946082146,0.006602647720201813,1.904219013223158,0.38136817474709506,-0.1436734693877551,,,MGCoT,0.46909503922566004,False,False
model x dataset,phi3_mini / clutrr,rougeL_f1,50,0.05049382624788234,0.02965649340387785,-0.0208373328440045,-0.029633367821866166,-0.011963123670859645,-41.26709024131123,8.87296791773906e-06,-0.6847058823529412,,,SCoT,2.292679629751368e-05,True,False
model x dataset,phi3_mini / date,rougeL_f1,50,0.04679788324092726,0.3848104660468479,0.3380125828059206,0.24473056994375364,0.4333934131776624,722.2817772884018,7.638334409421077e-14,0.984313725490196,,,MGCoT,6.683542608243442e-13,True,False
model x dataset,phi3_mini / gsm8k,rougeL_f1,50,0.27360335578945805,0.2927642735106452,0.01916091772118719,-0.001564010591751922,0.04044494551996385,7.003173504908254,0.13045894629165566,0.24705882352941178,,,MGCoT,0.18330910336601253,False,False
model x dataset,phi3_mini / saycan,rougeL_f1,50,0.05401763934814206,0.02195921495062917,-0.032058424397512886,-0.04270567731763437,-0.02272016773095456,-59.34806626942229,8.855280952957401e-10,-0.8823529411764706,,,SCoT,4.132464444713453e-09,True,True
model x dataset,qwen2_1.5b / MultiArith,rougeL_f1,50,0.024446750602294304,0.029536305535732457,0.005089554933438152,0.0007188459988010546,0.00957424894875144,20.818942428121723,0.20050109437600838,0.21631205673758866,,,MGCoT,0.26803097685681676,False,False
model x dataset,qwen2_1.5b / QASports,rougeL_f1,50,0.0005338061214164021,0.0007335722819593779,0.00019976616054297598,-0.0006278168572746748,0.0011432086877440739,37.42298046581334,0.625,0.3333333333333333,,,MGCoT,0.7077205882352942,False,True
model x dataset,qwen2_1.5b / SVAMP,rougeL_f1,50,0.01932385425488199,0.0232520992488204,0.0039282449939384125,-0.004630549672406601,0.01488816087550745,20.32847558320814,0.3283341129190376,-0.17770034843205576,,,MGCoT,0.41377621431695405,False,False
model x dataset,qwen2_1.5b / StrategyQA,rougeL_f1,50,0.000547945205479452,0.0,-0.000547945205479452,-0.001643835616438356,0.0,-100.0,1.0,-1.0,,,SCoT,1.0,False,False
model x dataset,qwen2_1.5b / aqua,rougeL_f1,50,0.007502318799878396,0.019578711354971377,0.012076392555092984,-0.0007222679715891495,0.029958674301369802,160.9688001433467,0.031331676873378456,0.4218487394957983,,,MGCoT,0.04964072261831566,True,False
model x dataset,qwen2_1.5b / asdiv,rougeL_f1,50,0.04228265763450935,0.1086644721327995,0.06638181449829018,0.040280856585729975,0.09579268803697831,156.99536928850023,3.21363749833381e-05,0.6706753006475485,,,MGCoT,7.781449288418346e-05,True,False
model x dataset,qwen2_1.5b / clutrr,rougeL_f1,50,0.12303950048891002,0.1497753520988815,0.026735851609971453,-0.002451407244131668,0.0551933277911638,21.729486468763135,0.059280126798281436,0.3761140819964349,,,MGCoT,0.08979233552867656,False,False
model x dataset,qwen2_1.5b / date,rougeL_f1,50,0.09013699191535128,0.12106469419139695,0.03092770227604563,-0.0005962774445256065,0.06818831343043547,34.31188640629388,0.5937955764574383,0.08843537414965986,,,MGCoT,0.6753657221155502,False,False
model x dataset,qwen2_1.5b / gsm8k,rougeL_f1,50,0.2754350493843315,0.26575921354553605,-0.009675835838795489,-0.026778582509907528,0.008549632055064533,-3.5129283148326556,0.18768390417341507,-0.21568627450980393,,,SCoT,0.2522104820480447,False,False
model x dataset,qwen2_1.5b / saycan,rougeL_f1,50,0.03404451479070036,0.033855431070021307,-0.00018908372067904882,-0.010241833338694675,0.011031913007752577,-0.5554014261665999,0.5206828033551574,-0.12941176470588237,,,SCoT,0.6078626363390507,False,True
model x dataset,gemma2_2b / MultiArith,token_f1,50,0.032362975927451874,0.05125930274692152,0.01889632681946965,0.011465694289693872,0.026190778710767196,58.388718212532645,4.530206042319526e-05,0.6627450980392157,,,MGCoT,0.00010799562391907229,True,False
model x dataset,gemma2_2b / QASports,token_f1,50,0.008783642045491096,0.0,-0.008783642045491096,-0.012090412374806025,-0.005614745336801135,-100.0,0.0001926839034358853,-1.0,,,SCoT,0.00041793410041023006,True,True
model x dataset,gemma2_2b / SVAMP,token_f1,50,0.02481945496770393,0.02709022615994696,0.0022707711922430335,-0.00580330867496651,0.011186650793471774,9.149158171272706,0.9458722574718327,0.012802275960170697,,,MGCoT,1.0,False,False
model x dataset,gemma2_2b / StrategyQA,token_f1,50,0.00050632911392405,0.000615384615384614,0.00010905550146056404,0.0,0.0003271665043816921,21.538461538461423,1.0,1.0,,,MGCoT,1.0,False,False
model x dataset,gemma2_2b / aqua,token_f1,50,0.01328597764583309,0.013836546628389557,0.0005505689825564679,-0.0030137079626206733,0.0038622890608600376,4.143985465225768,0.28784040633988717,0.24307692307692308,,,MGCoT,0.37001187459384494,False,False
model x dataset,gemma2_2b / asdiv,token_f1,50,0.03685542601656399,0.060405890138579686,0.023550464122015696,0.009161028265485887,0.03877082794657733,63.8995845860834,0.012543750925539976,0.4227567067530065,,,MGCoT,0.02085669710736526,True,False
model x dataset,gemma2_2b / clutrr,token_f1,50,0.03186185769843425,0.09038383838383837,0.058521980685404124,0.03417817455052252,0.08422354606188419,183.6741009871499,0.0003847053240033341,0.6215644820295984,,,MGCoT,0.0008027726273240305,True,False
model x dataset,gemma2_2b / date,token_f1,50,0.016934237211387457,0.035188034188034185,0.018253796976646728,-0.0025969937306776773,0.04241274300754069,107.79225983897244,0.4849973913758091,0.16996047430830039,,,MGCoT,0.5763086286410077,False,False
model x dataset,gemma2_2b / gsm8k,token_f1,50,0.38068059435569784,0.4410308692009511,0.060350274845253224,0.037625008071337625,0.08365798684318773,15.853257491991705,1.2288898243895119e-05,0.6752941176470588,,,MGCoT,3.1229213359073405e-05,True,False
model x dataset,gemma2_2b / saycan,token_f1,50,0.1189034672091195,0.10922629280198973,-0.009677174407129759,-0.026384383023385936,0.007066417039745642,-8.138681431475996,0.08054833435456032,-0.2847058823529412,,,SCoT,0.11813755705335514,False,True
model x dataset,llama3.2_1b / MultiArith,token_f1,50,0.028301978547782,0.001640989262837998,-0.026660989284944,-0.030155184655109475,-0.022935150590197136,-94.20185673567828,1.095055686553674e-08,-1.0,,,SCoT,4.325514089001676e-08,True,False
model x dataset,llama3.2_1b / QASports,token_f1,50,0.005719598438185977,0.000828752642706128,-0.004890845795479851,-0.007639228044249894,-0.00243068586210772,-85.5103002131567,0.000732421875,-0.9560439560439561,,,SCoT,0.001468658447265625,True,True
model x dataset,llama3.2_1b / SVAMP,token_f1,50,0.022812710157968725,0.005411225333548586,-0.017401484824420138,-0.022339640515027074,-0.012286166149951054,-76.27977870196897,1.3180175128923034e-06,-0.9001349527665317,,,SCoT,3.858834543448949e-06,True,False
model x dataset,llama3.2_1b / StrategyQA,token_f1,50,0.000677966101694914,0.0,-0.000677966101694914,-0.002033898305084742,0.0,-100.0,1.0,-1.0,,,SCoT,1.0,False,False
model x dataset,llama3.2_1b / aqua,token_f1,50,0.007261121329972959,0.006567293834963678,-0.0006938274950092821,-0.004443078803242516,0.0036435561239642343,-9.555376690171158,0.4037628173828125,-0.24183006535947713,,,SCoT,0.49192621738095826,False,False
model x dataset,llama3.2_1b / asdiv,token_f1,50,0.03765422296911939,0.0021553711059362477,-0.03549885186318314,-0.037981663843536746,-0.032827292600245396,-94.27588478534297,1.0929640246706044e-09,-1.0,,,SCoT,4.9215339122594475e-09,True,False
model x dataset,llama3.2_1b / clutrr,token_f1,50,0.025545672777816778,0.0007235984354628399,-0.024822074342353936,-0.02963084141017958,-0.019790958702910814,-97.16743245810619,2.463326548521701e-07,-1.0,,,SCoT,8.140607048762702e-07,True,False
model x dataset,llama3.2_1b / date,token_f1,50,0.009535162885708654,0.00130224488457833,-0.008232918001130326,-0.013439093917824886,-0.003548140507232878,-86.34270960876674,0.001220703125,-0.9340659340659341,,,SCoT,0.002403942215473146,True,False
model x dataset,llama3.2_1b / gsm8k,token_f1,50,0.3987803079540918,0.14012966250031783,-0.25865064545377403,-0.28419530578089464,-0.2332382509058552,-64.86043575741215,1.7763568394002505e-15,-1.0,,,SCoT,2.011462891673813e-14,True,False
model x dataset,llama3.2_1b / saycan,token_f1,50,0.10864114487789493,0.08356909374078719,-0.02507205113710774,-0.0381662619113894,-0.012139983888128543,-23.077859834123597,0.0006207713421488847,-0.5419607843137255,,,SCoT,0.001254577253161788,True,True
model x dataset,mistral_7b / MultiArith,token_f1,50,0.02984841836851551,0.026361972120300097,-0.0034864462482154107,-0.011077229653353386,0.004791309788398895,-11.68050583173599,0.1858965317514557,-0.22163120567375885,,,SCoT,0.25024533120388265,False,False
model x dataset,mistral_7b / QASports,token_f1,50,0.010098835383052132,0.0033938992882360497,-0.006704936094816082,-0.009878461334964644,-0.00364125728048516,-66.39316159235854,0.00039447634086690815,-0.8442028985507246,,,SCoT,0.0008187244810445264,True,True
model x dataset,mistral_7b / SVAMP,token_f1,50,0.02687430656475744,0.022372667059941103,-0.004501639504816342,-0.014387705976719808,0.007474723620737018,-16.750718735640696,0.011338460200858477,-0.4485049833887043,,,SCoT,0.018979596423176145,True,False
model x dataset,mistral_7b / StrategyQA,token_f1,50,0.0,0.0,0.0,0.0,0.0,,1.0,0.0,,,,1.0,False,False
model x dataset,mistral_7b / aqua,token_f1,50,0.012475958049514428,0.012558912567415237,8.29545179008078e-05,-0.0031121285916716947,0.003310990753680968,0.6649150115091679,0.8119880021544424,-0.05057471264367816,,,MGCoT,0.8868521441970506,False,False
model x dataset,mistral_7b / asdiv,token_f1,50,0.04149438996418484,0.033956684334783736,-0.007537705629401115,-0.016822123822152122,0.0025561070512714924,-18.165601749795943,0.0181515687238729,-0.3877551020408163,,,SCoT,0.02967453910272215,True,False
model x dataset,mistral_7b / clutrr,token_f1,50,0.028237827996475756,0.014388588500314043,-0.013849239496161707,-0.019935875719821652,-0.007513546755754307,-49.04498850935055,0.00036770285547875204,-0.6236786469344608,,,SCoT,0.0007693782573876062,True,False
model x dataset,mistral_7b / date,token_f1,50,0.006513423342059852,0.024075003644091268,0.01756158030203141,-0.0022828034583552174,0.049312810775771175,269.62135546493755,0.4637451171875,0.22058823529411764,,,MGCoT,0.5536182019137597,False,False
model x dataset,mistral_7b / gsm8k,token_f1,50,0.40314360888221396,0.3382304433247928,-0.06491316555742122,-0.09411108159715718,-0.036792542065441025,-16.10174739899866,0.00014253035612021847,-0.5968627450980392,,,SCoT,0.00031446525562340465,True,False
model x dataset,mistral_7b / saycan,token_f1,50,0.10970496019786888,0.10298287939782362,-0.0067220808000452905,-0.0188749186196348,0.005187305616934574,-6.127417381967997,0.4375680954084249,-0.12784313725490196,,,SCoT,0.5256278213174527,False,True
model x dataset,openchat_7b / MultiArith,token_f1,50,0.03229994843460022,0.04940394257217925,0.017103994137579015,0.011859278842297202,0.021756538052035434,52.9536267595305,1.4195927398608165e-06,0.7835294117647059,,,MGCoT,4.124854376199354e-06,True,False
model x dataset,openchat_7b / QASports,token_f1,50,0.017228383536427753,0.0,-0.017228383536427753,-0.021223178658854154,-0.013337180887634716,-100.0,1.7235135468062213e-06,-1.0,,,SCoT,4.879591903125992e-06,True,True
model x dataset,openchat_7b / SVAMP,token_f1,50,0.029346441271705014,0.045087089773102294,0.015740648501397284,0.00840780883331518,0.023514036551037946,53.637333248218965,0.0003606498303203627,0.6040703052728955,,,MGCoT,0.000758724105545078,True,False
model x dataset,openchat_7b / StrategyQA,token_f1,50,0.0,0.00224021592442645,0.00224021592442645,0.0,0.006018893387314439,,0.5,1.0,,,MGCoT,0.5886850152905199,False,False
model x dataset,openchat_7b / aqua,token_f1,50,0.013311807606420225,0.02234396622889955,0.009032158622479323,0.0038003126910005286,0.014711649940646018,67.85072988977961,0.0006277956999838352,0.6470588235294118,,,MGCoT,0.0012654520654124426,True,False
model x dataset,openchat_7b / asdiv,token_f1,50,0.03735563288860977,0.06194528882678199,0.024589655938172226,0.012298499657376151,0.03863731278389128,65.82583143885093,0.0011227973315792639,0.5346938775510204,,,MGCoT,0.0022168049879898286,True,False
model x dataset,openchat_7b / clutrr,token_f1,50,0.025298622856473,0.10752125360020096,0.08222263074372795,0.05901534909696311,0.10509584090809593,325.00832638283373,1.3935288447472697e-06,0.8260869565217391,,,MGCoT,4.06445913051287e-06,True,False
model x dataset,openchat_7b / date,token_f1,50,0.0031895253682487686,0.03440163889347193,0.031212113525223156,0.01106609233476747,0.05401720034351612,978.5817612844505,0.0048828125,0.9090909090909091,,,MGCoT,0.00860358266590389,True,False
model x dataset,openchat_7b / gsm8k,token_f1,50,0.41172300537701495,0.465854584354951,0.05413157897793602,0.03908778088364186,0.06882331253621,13.147572098471327,1.260182003193222e-08,0.8368627450980393,,,MGCoT,4.82756289780488e-08,True,False
model x dataset,openchat_7b / saycan,token_f1,50,0.10029501882428514,0.09896666587801053,-0.001328352946274605,-0.01559886114153149,0.01333823699902386,-1.32444558248885,0.7740531775538848,-0.04784313725490196,,,SCoT,0.8563519349374874,False,True
model x dataset,phi3_mini / MultiArith,token_f1,50,0.03575490490624317,0.041482550285180025,0.005727645378936862,-0.0003633806186432802,0.011789862914709556,16.019187839978724,0.07099981542898884,0.2963265306122449,,,MGCoT,0.10571605790739882,False,False
model x dataset,phi3_mini / QASports,token_f1,50,0.015798969521002806,0.0,-0.015798969521002806,-0.019468239347559764,-0.011913177048346954,-100.0,1.7245993818153558e-06,-1.0,,,SCoT,4.879591903125992e-06,True,True
model x dataset,phi3_mini / SVAMP,token_f1,50,0.034230088464919914,0.035832039261077676,0.0016019507961577673,-0.003299326245040781,0.006756697683704284,4.679949331125736,0.6414864501813855,0.07801418439716312,,,MGCoT,0.7221411792977586,False,False
model x dataset,phi3_mini / StrategyQA,token_f1,50,0.000714285714285714,0.000689655172413792,-2.4630541871921983e-05,-7.389162561576595e-05,0.0,-3.4482758620690794,1.0,-1.0,,,SCoT,1.0,False,False
model x dataset,phi3_mini / aqua,token_f1,50,0.015073693231240573,0.017382703037356794,0.002309009806116222,-0.0026069417281897496,0.0073055679387382414,15.318142479712579,0.2944921725967772,0.20317460317460317,,,MGCoT,0.377302783526653,False,False
model x dataset,phi3_mini / asdiv,token_f1,50,0.04162089318800649,0.0308777386843271,-0.010743154503679391,-0.01816921166182007,-0.0028326037167252134,-25.811926849217993,0.003014227674400776,-0.5023126734505088,,,SCoT,0.005499894097840278,True,False
model x dataset,phi3_mini / clutrr,token_f1,50,0.03150605375687054,0.020585230293171723,-0.010920823463698805,-0.016839904610176412,-0.004880390751098858,-34.662619279373565,0.0005608852911879483,-0.5780141843971631,,,SCoT,0.001142544111679154,True,False
model x dataset,phi3_mini / date,token_f1,50,0.012633358850891141,0.12834042466480294,0.11570706581391182,0.054567957161310354,0.1860874063855449,915.8852145306549,0.0015529581429326678,0.7094017094017094,,,MGCoT,0.0029745715673088415,True,False
model x dataset,phi3_mini / gsm8k,token_f1,50,0.42856182282505395,0.41127978704081686,-0.017282035784237097,-0.04323498803106505,0.007961767032040962,-4.03256539985642,0.31366564109611517,-0.16549019607843138,,,SCoT,0.3992108159405102,False,False
model x dataset,phi3_mini / saycan,token_f1,50,0.07673259030356104,0.07218196349249802,-0.004550626811063027,-0.01643018480222141,0.007103233620301838,-5.930500707796176,0.8632650227005474,-0.029019607843137254,,,SCoT,0.9349002355547419,False,True
model x dataset,qwen2_1.5b / MultiArith,token_f1,50,0.04044109526344344,0.04400862798131516,0.0035675327178717204,-0.0018447499021105058,0.00845548224186598,8.821553161782383,0.027328968400004445,0.37777777777777777,,,MGCoT,0.0438402201416738,True,False
model x dataset,qwen2_1.5b / QASports,token_f1,50,0.00044943820224719005,0.0,-0.00044943820224719005,-0.0013483146067415702,0.0,-100.0,1.0,-1.0,,,SCoT,1.0,False,True
model x dataset,qwen2_1.5b / SVAMP,token_f1,50,0.03662661706181035,0.03510269147190875,-0.0015239255899016078,-0.010546522986694902,0.008064160349460593,-4.160705279796551,0.33805953187866,-0.1806543385490754,,,SCoT,0.42257441484832503,False,False
model x dataset,qwen2_1.5b / StrategyQA,token_f1,50,0.00108108108108108,0.0,-0.00108108108108108,-0.00324324324324324,0.0,-100.0,1.0,-1.0,,,SCoT,1.0,False,False
model x dataset,qwen2_1.5b / aqua,token_f1,50,0.014031632549856302,0.02326321368753689,0.009231581137680587,-6.282955373242011e-05,0.02043241655500787,65.79121214070794,0.07111807531952284,0.3600713012477718,,,MGCoT,0.10571605790739882,False,False
model x dataset,qwen2_1.5b / asdiv,token_f1,50,0.05765739969885151,0.1069283231057338,0.049270923406882286,0.029138489966419073,0.07061062699490651,85.45464010556779,7.540569678847887e-05,0.7182926829268292,,,MGCoT,0.00017594662583978403,True,False
model x dataset,qwen2_1.5b / clutrr,token_f1,50,0.05091228636412966,0.07979679144385025,0.028884505079720596,0.009796240687444058,0.04823984196334096,56.73385962896223,0.010007235420368386,0.6123188405797102,,,MGCoT,0.016787736979702955,True,False
model x dataset,qwen2_1.5b / date,token_f1,50,0.005223101394893543,0.0013793103448275859,-0.0038437910500659584,-0.009671261930010602,0.0006100795755968178,-73.59212007302612,0.25,-0.8,,,SCoT,0.32682512733446517,False,False
model x dataset,qwen2_1.5b / gsm8k,token_f1,50,0.4276073799363455,0.4164796912282169,-0.011127688708128596,-0.030768596914073795,0.007879225400602225,-2.602314466552258,0.2954728324166016,-0.17176470588235293,,,SCoT,0.37793036704449046,False,False
model x dataset,qwen2_1.5b / saycan,token_f1,50,0.09639461968629082,0.10305652136752246,0.006661901681231635,-0.003227287957743545,0.01726469547183359,6.911072114722069,0.3225523410656024,0.1921921921921922,,,MGCoT,0.408495563520582,False,True
model x dataset,gemma2_2b / MultiArith,char_f1,50,0.11480090811750926,0.1299232957660398,0.0151223876485305,0.009800529456911844,0.020241228176055972,13.172707338735814,1.122975271796227e-05,0.7208163265306122,,,MGCoT,2.87272743947872e-05,True,False
model x dataset,gemma2_2b / QASports,char_f1,50,0.029788127765200317,0.004117991056071549,-0.02567013670912877,-0.03293612809001573,-0.01793145672738664,-86.17573051743672,3.0143066217597245e-05,-0.8688172043010752,,,SCoT,7.391771015143274e-05,True,True
model x dataset,gemma2_2b / SVAMP,char_f1,50,0.11697586865436377,0.126189635135941,0.00921376648157726,0.002307381367406617,0.015948581458842263,7.876638649978123,0.008121076854532113,0.45314009661835747,,,MGCoT,0.013743360830746653,True,False
model x dataset,gemma2_2b / StrategyQA,char_f1,50,0.20873174787899285,0.23431436558959867,0.025582617710605833,0.018499632527014413,0.032449362828376016,12.256217834881895,5.571686541496496e-07,0.8386524822695035,,,MGCoT,1.7160794547809207e-06,True,False
model x dataset,gemma2_2b / aqua,char_f1,50,0.04559735415836448,0.047735697170614905,0.002138343012250441,-0.00046081995320693066,0.004040070684073161,4.689620816207333,0.0001072674323825999,0.6558741905642923,,,MGCoT,0.00024249179054347357,True,False
model x dataset,gemma2_2b / asdiv,char_f1,50,0.06924776588904716,0.08172118213452202,0.01247341624547488,0.0025269682692200634,0.022158900506252265,18.0127345414443,0.0035047733258380272,0.4791836734693877,,,MGCoT,0.006364800615319058,True,False
model x dataset,gemma2_2b / clutrr,char_f1,50,0.5046162416528677,0.6196059700791655,0.11498972842629783,0.09620158958480093,0.13407500324753427,22.787559918731436,3.777113667107303e-09,0.9576470588235294,,,MGCoT,1.5636438299315178e-08,True,False
model x dataset,gemma2_2b / date,char_f1,50,0.2747475004549846,0.4329937031397846,0.1582462026848,0.11806759924067539,0.20325676902026038,57.596958087969035,2.4776690398120343e-08,0.9058823529411765,,,MGCoT,9.084786479310792e-08,True,False
model x dataset,gemma2_2b / gsm8k,char_f1,50,0.8161687352538303,0.8441667903614936,0.027998055107663476,0.019100385339985013,0.03749628559258367,3.4304248494591034,1.2222648848592144e-06,0.7570921985815603,,,MGCoT,3.5921525242045612e-06,True,False
model x dataset,gemma2_2b / saycan,char_f1,50,0.694278823235461,0.6160587090775452,-0.07822011415791598,-0.08821748051276206,-0.06876723160291226,-11.266383409679204,7.555220876380673e-10,-1.0,,,SCoT,3.635950046758199e-09,True,True
model x dataset,llama3.2_1b / MultiArith,char_f1,50,0.11232089973718065,0.09807449357295293,-0.014246406164227685,-0.020015370629991473,-0.00820058349260426,-12.683664569606199,2.2922441013654465e-06,-0.8001850138760407,,,SCoT,6.3950288335195425e-06,True,False
model x dataset,llama3.2_1b / QASports,char_f1,50,0.030441122862231666,0.011114591677209216,-0.01932653118502245,-0.02761063947134252,-0.010729733176329756,-63.488233573016124,0.0003105218817906479,-0.7165775401069518,,,SCoT,0.0006592513948578859,True,True
model x dataset,llama3.2_1b / SVAMP,char_f1,50,0.11350612018180962,0.11070487706524045,-0.002801243116569195,-0.009686822223533485,0.003482810343989595,-2.467922533236335,0.3950155877736725,-0.13959183673469389,,,SCoT,0.4835643920281842,False,False
model x dataset,llama3.2_1b / StrategyQA,char_f1,50,0.2102859577140915,0.22252281892372244,0.012236861209630934,-0.003978869350148791,0.031517184179200866,5.8191528063268905,0.9788933709066938,-0.004432624113475178,,,MGCoT,1.0,False,False
model x dataset,llama3.2_1b / aqua,char_f1,50,0.04506002284762304,0.04622011088106463,0.0011600880334415823,-0.0002549622685156868,0.00302418950948027,2.574539381314979,0.315989755031696,0.17547568710359407,,,MGCoT,0.4015051342811979,False,False
model x dataset,llama3.2_1b / asdiv,char_f1,50,0.07044210029363217,0.05142188586904904,-0.019020214424583112,-0.02605458233505663,-0.012616636937383003,-27.001202896135826,1.0954223991627622e-08,-0.9379591836734694,,,SCoT,4.325514089001676e-08,True,False
model x dataset,llama3.2_1b / clutrr,char_f1,50,0.5013548064985374,0.45474823726258995,-0.04660656923594742,-0.05726097144226738,-0.03376481651495982,-9.296124946212796,2.0096586354246968e-07,-0.8447058823529412,,,SCoT,6.785749682228799e-07,True,False
model x dataset,llama3.2_1b / date,char_f1,50,0.26155455719926485,0.22547401106145082,-0.036080546137814064,-0.0489027890658988,-0.02438092604874378,-13.794653981244213,4.6952039430917903e-07,-0.8269387755102041,,,SCoT,1.4519305366187464e-06,True,False
model x dataset,llama3.2_1b / gsm8k,char_f1,50,0.8162304985791217,0.7621969852351311,-0.054033513343990265,-0.06348741397640903,-0.044733633728315854,-6.619884142782065,1.2434497875801753e-14,-0.9937254901960785,,,SCoT,1.1968204205459188e-13,True,False
model x dataset,llama3.2_1b / saycan,char_f1,50,0.6957357396386317,0.6633705060583158,-0.03236523358031587,-0.05356152741413908,-0.011666504079032861,-4.651943509057983,0.0027053239960554976,-0.4792156862745098,,,SCoT,0.0049479797552558985,True,True
model x dataset,mistral_7b / MultiArith,char_f1,50,0.11282193233280051,0.11234905862630903,-0.00047287370649148257,-0.007944268715807404,0.007370264950383164,-0.419132784480775,0.5406924645824764,-0.10040816326530612,,,SCoT,0.6270078279043778,False,False
model x dataset,mistral_7b / QASports,char_f1,50,0.025378376332540777,0.03674933199921251,0.011370955666671723,0.0024661048669191127,0.020572738818932335,44.805686217567846,0.2111966283080321,0.21881606765327696,,,MGCoT,0.279899145950404,False,True
model x dataset,mistral_7b / SVAMP,char_f1,50,0.1140154414451506,0.11659445075825746,0.002579009313106841,-0.007041333944742557,0.013482986926366472,2.2619824827389934,0.7778985007004656,-0.0467687074829932,,,MGCoT,0.8593713709316478,False,False
model x dataset,mistral_7b / StrategyQA,char_f1,50,0.20924351874051353,0.19328314343464834,-0.015960375305865204,-0.022580412725534238,-0.008612713400032721,-7.627655758197194,2.6570855598859504e-05,-0.7113783533765032,,,SCoT,6.599857681007038e-05,True,False
model x dataset,mistral_7b / aqua,char_f1,50,0.042477199415034084,0.046688742003151304,0.004211542588117227,0.0030529008024880477,0.0055148829242778535,9.914831123792553,1.1915364911290025e-07,0.9062801932367149,,,MGCoT,4.1515072315354387e-07,True,False
model x dataset,mistral_7b / asdiv,char_f1,50,0.0700573462100512,0.06937332103487051,-0.0006840251751806951,-0.006098960598491092,0.005117170940461587,-0.9763789412316581,0.13566060272957206,-0.25,,,SCoT,0.19027079071360745,False,False
model x dataset,mistral_7b / clutrr,char_f1,50,0.5146400876902644,0.4599138461246134,-0.054726241565650875,-0.07097412508450521,-0.035740338482223286,-10.633886258504567,5.3219249711562495e-06,-0.7396078431372549,,,SCoT,1.4378534132597588e-05,True,False
model x dataset,mistral_7b / date,char_f1,50,0.251489809572934,0.3026715169828927,0.05118170740995878,0.008299563854394053,0.10163382535328294,20.35140409739572,0.7054292039416683,0.062040816326530614,,,MGCoT,0.7860788524386174,False,False
model x dataset,mistral_7b / gsm8k,char_f1,50,0.8250535448993368,0.798106851363257,-0.02694669353607962,-0.03994540121426782,-0.014006415493080002,-3.2660539067639944,0.0003907813141347984,-0.5820408163265306,,,SCoT,0.0008132475996859318,True,False
model x dataset,mistral_7b / saycan,char_f1,50,0.6674900485687697,0.7009013060656195,0.033411257496849915,0.01832157372677895,0.04866377353314305,5.005506459383213,0.00014769323192595501,0.6228571428571429,,,MGCoT,0.000324925110237101,True,True
model x dataset,openchat_7b / MultiArith,char_f1,50,0.11803744087363324,0.13798875290851334,0.019951312034880115,0.016391390553963128,0.023499756965485136,16.9025284581011,1.1075138389426543e-08,0.9472789115646258,,,MGCoT,4.350947224417571e-08,True,False
model x dataset,openchat_7b / QASports,char_f1,50,0.032487076091395325,0.001176470588235294,-0.03131060550316003,-0.03887399198311753,-0.023592793741827173,-96.37865043648264,1.7139342628699412e-06,-0.9956989247311828,,,SCoT,4.879591903125992e-06,True,True
model x dataset,openchat_7b / SVAMP,char_f1,50,0.1214018167861408,0.13856850747015145,0.017166690684010666,0.010138852505002427,0.024294613253710937,14.140390266359185,0.00010738922152639544,0.648936170212766,,,MGCoT,0.00024249179054347357,True,False
model x dataset,openchat_7b / StrategyQA,char_f1,50,0.21434514757081832,0.26888279786093233,0.054537650290114,0.04793017566446645,0.06092762111106115,25.443846482269954,7.548390027588035e-10,1.0,,,MGCoT,3.635950046758199e-09,True,False
model x dataset,openchat_7b / aqua,char_f1,50,0.04588988686812577,0.04871246713553115,0.0028225802674053924,0.0001508290173212621,0.0048606324905052355,6.15076754387447,3.166226182903112e-05,0.676078431372549,,,MGCoT,7.690833314938159e-05,True,False
model x dataset,openchat_7b / asdiv,char_f1,50,0.07095900800907215,0.08408594098323581,0.01312693297416366,0.005001711856020196,0.021638539849711088,18.49931861009863,0.0002990375488142719,0.593469387755102,,,MGCoT,0.0006378363229556492,True,False
model x dataset,openchat_7b / clutrr,char_f1,50,0.5087573535655191,0.6732280774136612,0.164470723848142,0.1457492972962513,0.18141808184167238,32.327930534169866,1.3016619409909297e-09,0.9858823529411764,,,MGCoT,5.7602281296725045e-09,True,False
model x dataset,openchat_7b / date,char_f1,50,0.25014166701324014,0.3788213533111562,0.12867968629791607,0.10636176256440259,0.151197909468513,51.442723571161366,8.881784197001252e-15,0.9952941176470588,,,MGCoT,8.998649778540742e-14,True,False
model x dataset,openchat_7b / gsm8k,char_f1,50,0.8275602711043609,0.851016172638149,0.023455901533788275,0.015386539387731844,0.03204373640034949,2.8343435943930575,3.1637799366990293e-06,0.7322695035460993,,,MGCoT,8.60816449207863e-06,True,False
model x dataset,openchat_7b / saycan,char_f1,50,0.6964452220929859,0.6527556079235803,-0.04368961416940543,-0.056568270591692976,-0.029969524225798846,-6.273230511670049,1.6198182883897516e-07,-0.7850980392156863,,,SCoT,5.543378142489372e-07,True,True
model x dataset,phi3_mini / MultiArith,char_f1,50,0.1161716599401197,0.12663321773396388,0.010461557793844172,0.00427339662783638,0.016115479424900245,9.005258080358452,9.207744367109823e-05,0.6551418439716312,,,MGCoT,0.00021227434618786118,True,False
model x dataset,phi3_mini / QASports,char_f1,50,0.034982479227665335,0.030290045516871776,-0.004692433710793553,-0.015151422207898887,0.0056646308555718455,-13.413668254486138,0.044596982136886586,-0.3474747474747475,,,SCoT,0.06881698646373281,False,True
model x dataset,phi3_mini / SVAMP,char_f1,50,0.12140558231022404,0.12805059529805696,0.00664501298783292,0.0017426524597761348,0.011459226376410473,5.473399872876618,0.009233054353668056,0.43617021276595747,,,MGCoT,0.015590903184921937,True,False
model x dataset,phi3_mini / StrategyQA,char_f1,50,0.21191576205752813,0.20181972049034333,-0.010096041567184905,-0.016302277850340125,-0.002970413985669424,-4.764176797969451,0.00026771859042679764,-0.592156862745098,,,SCoT,0.0005758193146051234,True,False
model x dataset,phi3_mini / aqua,char_f1,50,0.04441492273699592,0.04394409815057288,-0.00047082458642303747,-0.005140316023296323,0.0036297725134177205,-1.0600594516645612,0.00956229774714836,0.4484848484848485,,,SCoT,0.01607635210765117,True,False
model x dataset,phi3_mini / asdiv,char_f1,50,0.06976415251511525,0.07056347269507125,0.000799320179956007,-0.004510769748119781,0.005912235403893822,1.1457462767612987,0.494873602344979,0.11436170212765957,,,MGCoT,0.5862348827778983,False,False
model x dataset,phi3_mini / clutrr,char_f1,50,0.5106816032912118,0.49262137761937025,-0.018060225671841453,-0.036139083312186855,0.0011154381059611856,-3.536494276560568,0.09873351776500601,-0.2765957446808511,,,SCoT,0.142368555578754,False,False
model x dataset,phi3_mini / date,char_f1,50,0.26609411807047956,0.4984132255668443,0.23231910749636472,0.17695158375201112,0.28732858873647477,87.30711869205281,1.5588051849655e-09,0.9811764705882353,,,MGCoT,6.8587428138482e-09,True,False
model x dataset,phi3_mini / gsm8k,char_f1,50,0.8274779992712675,0.8345496603614572,0.007071661090189723,-0.0015834652086751946,0.016065771212045544,0.8546041219727292,0.2631866036092845,0.19148936170212766,,,MGCoT,0.3423204134782923,False,False
model x dataset,phi3_mini / saycan,char_f1,50,0.6840562491609092,0.6921152674722236,0.008059018311314465,-0.007188310352298988,0.02440356027552667,1.1781221677603237,0.5084497948497686,0.10745098039215686,,,MGCoT,0.5968084482230516,False,True
model x dataset,qwen2_1.5b / MultiArith,char_f1,50,0.12469431057579246,0.13448954301960625,0.009795232443813766,0.006475530407447485,0.013397779229291721,7.855396447987872,2.9838315696120954e-06,0.8373983739837398,,,MGCoT,8.147341519862813e-06,True,False
model x dataset,qwen2_1.5b / QASports,char_f1,50,0.003136752136752134,0.0050860936124094,0.0019493414756572667,-0.003192423192423188,0.0071329839237733944,62.14521870623989,0.84375,0.14285714285714285,,,MGCoT,0.9150528169014085,False,True
model x dataset,qwen2_1.5b / SVAMP,char_f1,50,0.1292613951756641,0.13682290735195662,0.007561512176292536,-0.0019980828374175285,0.018115713181867946,5.849783816750985,0.15495248007163948,0.24347826086956523,,,MGCoT,0.2130596600985043,False,False
model x dataset,qwen2_1.5b / StrategyQA,char_f1,50,0.24046151946566854,0.2389539698730388,-0.0015075495926297484,-0.013427562151032217,0.010833792541872929,-0.6269400592575836,0.7931527981347583,-0.04440333024976873,,,SCoT,0.8699824139084955,False,False
model x dataset,qwen2_1.5b / aqua,char_f1,50,0.04734768740951084,0.04952909959835052,0.0021814121888396715,-0.0016602227135961275,0.005938297228237557,4.607220137221498,0.29355580251643576,0.18181818181818182,,,MGCoT,0.3767299465627592,False,False
model x dataset,qwen2_1.5b / asdiv,char_f1,50,0.08065915351857657,0.10557216217305739,0.024913008654480814,0.013411834535772972,0.037083185945165936,30.886771764525292,0.0001766292300878581,0.6804878048780488,,,MGCoT,0.0003852818899933448,True,False
model x dataset,qwen2_1.5b / clutrr,char_f1,50,0.6445388938526305,0.6676219403901107,0.023083046537480275,0.00044707703251348094,0.046431188736362865,3.5813271716629806,0.0771327309133776,0.3207317073170732,,,MGCoT,0.1135606172147242,False,False
model x dataset,qwen2_1.5b / date,char_f1,50,0.3021931216196036,0.31684425470749694,0.014651133087893287,-0.01090596592499395,0.042889686949269035,4.848268223105331,0.5806243739629124,0.09224489795918367,,,MGCoT,0.665860312077408,False,False
model x dataset,qwen2_1.5b / gsm8k,char_f1,50,0.8277519885257556,0.8181560720207822,-0.009595916504973318,-0.022210219261373034,0.0028788970567378215,-1.1592743524620044,0.17366315869369942,-0.23219241443108232,,,SCoT,0.2370933194931712,False,False
model x dataset,qwen2_1.5b / saycan,char_f1,50,0.6225162925138554,0.6037202389507602,-0.018796053563095282,-0.04175808766251503,0.002770164455773713,-3.0193673304826696,0.15220749407308176,-0.27627627627627627,,,SCoT,0.21003543088937807,False,True
model x dataset,gemma2_2b / MultiArith,output_words,50,118.18,59.74,-58.44,-69.94,-45.679500000000004,-49.44999153833135,2.339530943197264e-08,-0.9074509803921569,,,MGCoT,8.619324527568867e-08,True,False
model x dataset,gemma2_2b / QASports,output_words,50,176.28,35.6,-140.68,-154.4005,-125.62,-79.8048559110506,8.020235040373895e-10,-0.9984313725490196,,,MGCoT,3.765598159199938e-09,True,True
model x dataset,gemma2_2b / SVAMP,output_words,50,137.22,73.28,-63.94,-73.12,-53.49850000000002,-46.59670601953068,2.725100376768246e-09,-0.9662745098039216,,,MGCoT,1.159296845365497e-08,True,False
model x dataset,gemma2_2b / StrategyQA,output_words,50,187.66,144.12,-43.54,-58.421,-29.379500000000007,-23.201534690397526,1.3667783875767939e-05,-0.7066666666666667,,,MGCoT,3.4619057843228005e-05,True,False
model x dataset,gemma2_2b / aqua,output_words,50,170.32,150.3,-20.02,-29.200499999999998,-11.078500000000021,-11.754344762799438,0.0003302847205559997,-0.5952380952380952,,,MGCoT,0.0006967650269263556,True,False
model x dataset,gemma2_2b / asdiv,output_words,50,96.56,51.88,-44.68,-55.3,-33.12,-46.27174813587407,3.4374550233628196e-07,-0.8282352941176471,,,MGCoT,1.1074645891168916e-06,True,False
model x dataset,gemma2_2b / clutrr,output_words,50,113.98,8.08,-105.9,-113.361,-98.75950000000002,-92.9110370240393,7.514318919004358e-10,-1.0,,,MGCoT,3.635950046758199e-09,True,False
model x dataset,gemma2_2b / date,output_words,50,95.58,12.4,-83.18,-88.76,-77.6,-87.02657459719607,7.524525718494508e-10,-1.0,,,MGCoT,3.635950046758199e-09,True,False
model x dataset,gemma2_2b / gsm8k,output_words,50,164.3,100.56,-63.74,-73.9,-53.4395,-38.79488740109555,2.3897594300560477e-09,-0.9795918367346939,,,MGCoT,1.0222859784128647e-08,True,False
model x dataset,gemma2_2b / saycan,output_words,50,160.62,45.54,-115.08,-127.4,-101.76,-71.64736645498692,8.013005117609933e-10,-0.9984313725490196,,,MGCoT,3.765598159199938e-09,True,True
model x dataset,llama3.2_1b / MultiArith,output_words,50,137.38,157.8,20.42,10.1,30.40049999999999,14.863881205415638,0.00036162564511044626,0.5853061224489796,,,SCoT,0.000758724105545078,True,False
model x dataset,llama3.2_1b / QASports,output_words,50,192.7,65.58,-127.12,-148.821,-103.77900000000001,-65.96782563570316,1.376182212839243e-08,-0.9223529411764706,,,MGCoT,5.245843088545629e-08,True,True
model x dataset,llama3.2_1b / SVAMP,output_words,50,161.5,161.26,-0.24,-13.64,13.34,-0.14860681114551083,0.9115996061666798,-0.01803921568627451,,,MGCoT,0.9789842353533382,False,False
model x dataset,llama3.2_1b / StrategyQA,output_words,50,218.1,129.68,-88.42,-109.58,-68.48,-40.541036221916556,9.761126507966348e-09,-0.9412244897959183,,,MGCoT,3.919325429017443e-08,True,False
model x dataset,llama3.2_1b / aqua,output_words,50,193.46,138.54,-54.92,-67.86,-41.63850000000002,-28.388297322443915,5.3270274501858916e-08,-0.883921568627451,,,MGCoT,1.9078191333223893e-07,True,False
model x dataset,llama3.2_1b / asdiv,output_words,50,116.48,165.18,48.7,38.88,58.22,41.809752747252745,7.1393875031415796e-09,0.9403921568627451,,,SCoT,2.9086393531317546e-08,True,False
model x dataset,llama3.2_1b / clutrr,output_words,50,117.64,172.18,54.54,38.4,70.34149999999998,46.36178170690241,4.5509523470597683e-07,0.8196078431372549,,,SCoT,1.4211271472649904e-06,True,False
model x dataset,llama3.2_1b / date,output_words,50,113.54,157.7,44.16,31.54,55.52099999999999,38.89378192707416,4.551651709973616e-07,0.8196078431372549,,,SCoT,1.4211271472649904e-06,True,False
model x dataset,llama3.2_1b / gsm8k,output_words,50,175.64,151.34,-24.3,-35.1205,-14.258500000000021,-13.835117285356413,9.429542948456996e-05,-0.6408163265306123,,,MGCoT,0.000216738748367519,True,False
model x dataset,llama3.2_1b / saycan,output_words,50,182.58,125.04,-57.54,-84.2205,-32.039000000000016,-31.514952349654944,0.0006321769784793183,-0.5552941176470588,,,MGCoT,0.0012709563274910577,True,True
model x dataset,mistral_7b / MultiArith,output_words,50,120.06,115.38,-4.68,-24.7,14.72,-3.8980509745127434,0.9730458515997195,-0.005490196078431373,,,MGCoT,1.0,False,False
model x dataset,mistral_7b / QASports,output_words,50,153.86,128.72,-25.14,-43.3605,-7.739000000000015,-16.339529442350187,0.011583586381431267,-0.41019607843137257,,,MGCoT,0.019347855778095606,True,True
model x dataset,mistral_7b / SVAMP,output_words,50,130.06,133.22,3.16,-14.380500000000001,19.2,2.4296478548362295,0.5472749570719091,0.09877551020408164,,,SCoT,0.6327353107287839,False,False
model x dataset,mistral_7b / StrategyQA,output_words,50,155.44,152.06,-3.38,-14.2,7.4,-2.1744724652599072,0.4009513916230568,-0.13647058823529412,,,MGCoT,0.48927507377140056,False,False
model x dataset,mistral_7b / aqua,output_words,50,168.96,171.96,3.0,-3.1005,9.54,1.7755681818181817,0.5176639440983255,0.10509803921568628,,,SCoT,0.6066989908001684,False,False
model x dataset,mistral_7b / asdiv,output_words,50,84.5,109.98,25.48,9.199,41.48,30.153846153846153,0.006770993465364031,0.44,,,SCoT,0.011534657009580318,True,False
model x dataset,mistral_7b / clutrr,output_words,50,85.28,117.84,32.56,21.1,43.26049999999999,38.18011257035647,8.010562071752243e-06,0.7254901960784313,,,SCoT,2.105164776535572e-05,True,False
model x dataset,mistral_7b / date,output_words,50,98.1,93.6,-4.5,-21.901,11.82,-4.587155963302752,0.9845947585780116,-0.003137254901960784,,,MGCoT,1.0,False,False
model x dataset,mistral_7b / gsm8k,output_words,50,155.48,166.42,10.94,1.3395000000000004,20.640499999999992,7.036274762027271,0.03170941168987962,0.34901960784313724,,,SCoT,0.050136030803300424,False,False
model x dataset,mistral_7b / saycan,output_words,50,107.16,145.4,38.24,27.92,48.52,35.6849570735349,2.283881967148282e-07,0.8407843137254902,,,SCoT,7.580125494414557e-07,True,True
model x dataset,openchat_7b / MultiArith,output_words,50,117.56,57.78,-59.78,-66.68,-52.46,-50.850629465804694,7.994955906182689e-10,-0.9984313725490196,,,MGCoT,3.765598159199938e-09,True,False
model x dataset,openchat_7b / QASports,output_words,50,129.38,50.46,-78.92,-86.8005,-70.68,-60.99860874942031,7.536449388836203e-10,-1.0,,,MGCoT,3.635950046758199e-09,True,True
model x dataset,openchat_7b / SVAMP,output_words,50,126.52,83.34,-43.18,-52.44,-33.62,-34.12899146380019,3.0000496953989846e-08,-0.9003921568627451,,,MGCoT,1.0845250072569099e-07,True,False
model x dataset,openchat_7b / StrategyQA,output_words,50,163.0,109.88,-53.12,-64.941,-40.64,-32.58895705521472,6.10459305412293e-08,-0.88,,,MGCoT,2.1661459224307173e-07,True,False
model x dataset,openchat_7b / aqua,output_words,50,156.96,141.0,-15.96,-27.0005,-5.319500000000008,-10.168195718654435,0.021840260813044746,-0.37254901960784315,,,MGCoT,0.03547890469629632,True,False
model x dataset,openchat_7b / asdiv,output_words,50,104.82,52.7,-52.12,-61.642,-42.8995,-49.72333524136616,1.1507510121000347e-09,-0.9890196078431372,,,MGCoT,5.121839764838305e-09,True,False
model x dataset,openchat_7b / clutrr,output_words,50,76.88,8.5,-68.38,-73.18050000000001,-63.679500000000004,-88.94380853277836,7.444904641426313e-10,-1.0,,,MGCoT,3.635950046758199e-09,True,False
model x dataset,openchat_7b / date,output_words,50,98.4,16.24,-82.16,-91.2,-72.67900000000002,-83.49593495934958,9.029530119165413e-10,-0.9952941176470588,,,MGCoT,4.155262045737856e-09,True,False
model x dataset,openchat_7b / gsm8k,output_words,50,155.28,136.14,-19.14,-29.96,-9.199000000000014,-12.326120556414219,0.001971404980654028,-0.5027450980392156,,,MGCoT,0.003711447029593158,True,False
model x dataset,openchat_7b / saycan,output_words,50,112.94,76.6,-36.34,-53.2805,-18.25950000000001,-32.17637683725873,0.00025337227214486694,-0.5945098039215686,,,MGCoT,0.0005464892144301051,True,True
model x dataset,phi3_mini / MultiArith,output_words,50,109.54,89.66,-19.88,-33.6805,-5.999500000000007,-18.148621508124887,0.0064809840129642585,-0.4423529411764706,,,MGCoT,0.01108968375551662,True,False
model x dataset,phi3_mini / QASports,output_words,50,153.12,139.68,-13.44,-29.200499999999998,1.8204999999999927,-8.77742946708464,0.1463344307600464,-0.2383673469387755,,,MGCoT,0.2030225435770013,False,True
model x dataset,phi3_mini / SVAMP,output_words,50,123.02,109.14,-13.88,-29.400499999999997,1.4,-11.282718257193952,0.09975605750608156,-0.26745098039215687,,,MGCoT,0.14330627664119927,False,False
model x dataset,phi3_mini / StrategyQA,output_words,50,176.96,143.02,-33.94,-43.7205,-24.41950000000001,-19.179475587703436,2.2418201221176219e-07,-0.8497959183673469,,,MGCoT,7.472733740392073e-07,True,False
model x dataset,phi3_mini / aqua,output_words,50,164.66,136.2,-28.46,-45.003,-11.74,-17.284100570873314,0.0013733589936130188,-0.52,,,MGCoT,0.002670039938137838,True,False
model x dataset,phi3_mini / asdiv,output_words,50,93.72,95.08,1.36,-10.0805,13.622499999999963,1.4511310285958174,0.9001214125158756,0.0203921568627451,,,SCoT,0.970719170360258,False,False
model x dataset,phi3_mini / clutrr,output_words,50,85.38,109.24,23.86,11.499,35.6,27.94565472007496,0.0004330273213816613,0.571764705882353,,,SCoT,0.0008939169905197834,True,False
model x dataset,phi3_mini / date,output_words,50,90.76,26.18,-64.58,-75.96,-52.19950000000001,-71.15469369766417,1.1925185179793192e-08,-0.9262745098039216,,,MGCoT,4.591196294220379e-08,True,False
model x dataset,phi3_mini / gsm8k,output_words,50,149.8,124.2,-25.6,-37.4405,-14.3,-17.089452603471294,0.0002872814373933885,-0.5951020408163266,,,MGCoT,0.0006144630744247477,True,False
model x dataset,phi3_mini / saycan,output_words,50,143.12,137.36,-5.76,-19.021,7.74,-4.0245947456679705,0.3320468872566056,-0.15918367346938775,,,MGCoT,0.41673542233942384,False,True
model x dataset,qwen2_1.5b / MultiArith,output_words,50,85.62,74.26,-11.36,-21.84,-1.2,-13.267928054192945,0.10700431664422826,-0.272895467160037,,,MGCoT,0.15286330949175464,False,False
model x dataset,qwen2_1.5b / QASports,output_words,50,50.24,79.02,28.78,5.2795000000000005,52.621499999999976,57.28503184713376,0.0069115809927341,0.44326530612244897,,,SCoT,0.011748161952329486,True,True
model x dataset,qwen2_1.5b / SVAMP,output_words,50,102.56,87.36,-15.2,-28.580499999999997,-2.6795000000000075,-14.820592823712948,0.047220019718572155,-0.3324468085106383,,,MGCoT,0.07271883036660112,False,False
model x dataset,qwen2_1.5b / StrategyQA,output_words,50,147.06,121.72,-25.34,-46.561,-2.799500000000007,-17.231062151502787,0.02662036959356925,-0.37145390070921985,,,MGCoT,0.042792660933295035,True,False
model x dataset,qwen2_1.5b / aqua,output_words,50,157.06,134.14,-22.92,-41.521,-5.44,-14.593149114987902,0.10382550754583417,-0.26693877551020406,,,MGCoT,0.14859784537229054,False,False
model x dataset,qwen2_1.5b / asdiv,output_words,50,67.64,34.78,-32.86,-44.6805,-22.079500000000007,-48.58072146658782,1.0101442733434937e-06,-0.8279370952821462,,,MGCoT,2.9801191205919163e-06,True,False
model x dataset,qwen2_1.5b / clutrr,output_words,50,19.0,7.88,-11.12,-18.14,-4.48,-58.526315789473685,0.0037340340826605783,-0.6160919540229886,,,MGCoT,0.006749310431100106,True,False
model x dataset,qwen2_1.5b / date,output_words,50,55.38,38.08,-17.3,-26.42,-8.459500000000007,-31.238714337305886,0.00592261025947774,-0.46099290780141844,,,MGCoT,0.01029437900631571,True,False
model x dataset,qwen2_1.5b / gsm8k,output_words,50,146.74,148.06,1.32,-9.781999999999998,12.16,0.8995502248875562,0.4839366606741652,0.11372549019607843,,,SCoT,0.5759369841099029,False,False
model x dataset,qwen2_1.5b / saycan,output_words,50,94.44,71.4,-23.04,-44.92,-1.7795000000000074,-24.396442185514612,0.030606181821714012,-0.41904761904761906,,,MGCoT,0.048691652898181385,True,True
model x dataset,gemma2_2b / MultiArith,truncated,50,0.0,0.12,0.12,0.04,0.22,,0.03125,1.0,0.0,6.0,SCoT,0.04961340206185567,True,False
model x dataset,gemma2_2b / QASports,truncated,50,0.48,0.04,-0.44,-0.58,-0.28,-91.66666666666667,2.9802322387695312e-06,-0.9166666666666666,23.0,1.0,MGCoT,8.147341519862813e-06,True,True
model x dataset,gemma2_2b / SVAMP,truncated,50,0.1,0.06,-0.04,-0.16,0.06,-40.0,0.7265625,-0.25,5.0,3.0,MGCoT,0.8072916666666666,False,False
model x dataset,gemma2_2b / StrategyQA,truncated,50,0.78,0.38,-0.4,-0.56,-0.22,-51.28205128205128,8.797645568847656e-05,-0.7692307692307693,23.0,3.0,MGCoT,0.00020404177975941854,True,False
model x dataset,gemma2_2b / aqua,truncated,50,0.64,0.52,-0.12,-0.26,0.02,-18.75,0.1795654296875,-0.42857142857142855,10.0,4.0,MGCoT,0.24316234622144112,False,False
model x dataset,gemma2_2b / asdiv,truncated,50,0.02,0.08,0.06,0.0,0.14,300.0,0.25,1.0,0.0,3.0,SCoT,0.32682512733446517,False,False
model x dataset,gemma2_2b / clutrr,truncated,50,0.02,0.0,-0.02,-0.06,0.0,-100.0,1.0,-1.0,1.0,0.0,MGCoT,1.0,False,False
model x dataset,gemma2_2b / date,truncated,50,0.02,0.0,-0.02,-0.06,0.0,-100.0,1.0,-1.0,1.0,0.0,MGCoT,1.0,False,False
model x dataset,gemma2_2b / gsm8k,truncated,50,0.52,0.1,-0.42,-0.56,-0.28,-80.76923076923076,9.5367431640625e-07,-1.0,21.0,0.0,MGCoT,2.8352479676942566e-06,True,False
model x dataset,gemma2_2b / saycan,truncated,50,0.34,0.02,-0.32,-0.46,-0.2,-94.11764705882352,3.0517578125e-05,-1.0,16.0,0.0,MGCoT,7.43624530261076e-05,True,True
model x dataset,llama3.2_1b / MultiArith,truncated,50,0.02,1.0,0.98,0.94,1.0,4900.0,3.552713678800501e-15,1.0,0.0,49.0,SCoT,3.747382921474501e-14,True,False
model x dataset,llama3.2_1b / QASports,truncated,50,0.3,0.22,-0.08,-0.22,0.06,-26.666666666666668,0.4239501953125,-0.2857142857142857,9.0,5.0,MGCoT,0.5132730352053853,False,True
model x dataset,llama3.2_1b / SVAMP,truncated,50,0.16,1.0,0.84,0.74,0.94,525.0,4.547473508864641e-13,1.0,0.0,42.0,SCoT,3.366879424832475e-12,True,False
model x dataset,llama3.2_1b / StrategyQA,truncated,50,0.84,0.74,-0.1,-0.28,0.08,-11.904761904761905,0.38331031799316406,-0.23809523809523808,13.0,8.0,MGCoT,0.4702213017382661,False,False
model x dataset,llama3.2_1b / aqua,truncated,50,0.58,0.94,0.36,0.2,0.52,62.06896551724138,0.00012111663818359375,0.8181818181818182,2.0,20.0,SCoT,0.0002695370271715815,True,False
model x dataset,llama3.2_1b / asdiv,truncated,50,0.0,1.0,1.0,1.0,1.0,,1.7763568394002505e-15,1.0,0.0,50.0,SCoT,2.011462891673813e-14,True,False
model x dataset,llama3.2_1b / clutrr,truncated,50,0.02,0.96,0.94,0.86,1.0,4700.0,1.4210854715202004e-14,1.0,0.0,47.0,SCoT,1.350908411198215e-13,True,False
model x dataset,llama3.2_1b / date,truncated,50,0.12,0.96,0.84,0.74,0.94,700.0,4.547473508864641e-13,1.0,0.0,42.0,SCoT,3.366879424832475e-12,True,False
model x dataset,llama3.2_1b / gsm8k,truncated,50,0.34,1.0,0.66,0.52,0.78,194.1176470588235,2.3283064365386963e-10,1.0,0.0,33.0,SCoT,1.236411004230894e-09,True,False
model x dataset,llama3.2_1b / saycan,truncated,50,0.26,0.62,0.36,0.16,0.54,138.46153846153845,0.0014309063553810122,0.6,6.0,24.0,SCoT,0.0027487885787754224,True,True
model x dataset,mistral_7b / MultiArith,truncated,50,0.06,0.58,0.52,0.36,0.68,866.6666666666667,8.67992639541626e-07,0.8666666666666667,2.0,28.0,SCoT,2.600600515358179e-06,True,False
model x dataset,mistral_7b / QASports,truncated,50,0.2,0.68,0.48,0.3,0.64,240.0,8.430331945419312e-06,0.8,3.0,27.0,SCoT,2.1930255398556994e-05,True,True
model x dataset,mistral_7b / SVAMP,truncated,50,0.16,0.64,0.48,0.3395000000000002,0.62,300.0,8.046627044677734e-07,0.9230769230769231,1.0,25.0,SCoT,2.4297658134909238e-06,True,False
model x dataset,mistral_7b / StrategyQA,truncated,50,0.22,0.88,0.66,0.52,0.8,300.0,2.3283064365386963e-10,1.0,0.0,33.0,SCoT,1.236411004230894e-09,True,False
model x dataset,mistral_7b / aqua,truncated,50,0.78,0.96,0.18,0.08,0.3,23.076923076923077,0.00390625,1.0,0.0,9.0,SCoT,0.007040307082508399,True,False
model x dataset,mistral_7b / asdiv,truncated,50,0.04,0.44,0.4,0.26,0.56,1000.0,1.0967254638671875e-05,0.9090909090909091,1.0,21.0,SCoT,2.8149286905924478e-05,True,False
model x dataset,mistral_7b / clutrr,truncated,50,0.0,0.76,0.76,0.64,0.88,,7.275957614183426e-12,1.0,0.0,38.0,SCoT,4.668739469101032e-11,True,False
model x dataset,mistral_7b / date,truncated,50,0.12,0.36,0.24,0.06,0.42,200.0,0.01690053939819336,0.5454545454545454,5.0,17.0,SCoT,0.027806443026942067,True,False
model x dataset,mistral_7b / gsm8k,truncated,50,0.36,0.92,0.56,0.4,0.7,155.55555555555557,5.774199962615967e-08,0.9333333333333333,1.0,29.0,SCoT,2.0583953570436547e-07,True,False
model x dataset,mistral_7b / saycan,truncated,50,0.0,0.82,0.82,0.7,0.92,,9.094947017729282e-13,1.0,0.0,41.0,SCoT,6.54496187257154e-12,True,True
model x dataset,openchat_7b / MultiArith,truncated,50,0.0,0.0,0.0,0.0,0.0,,1.0,0.0,0.0,0.0,,1.0,False,False
model x dataset,openchat_7b / QASports,truncated,50,0.04,0.0,-0.04,-0.1,0.0,-100.0,0.5,-1.0,2.0,0.0,MGCoT,0.5886850152905199,False,True
model x dataset,openchat_7b / SVAMP,truncated,50,0.04,0.04,0.0,-0.06,0.06,0.0,1.0,0.0,1.0,1.0,,1.0,False,False
model x dataset,openchat_7b / StrategyQA,truncated,50,0.32,0.06,-0.26,-0.4,-0.12,-81.25,0.0009765625,-0.8666666666666667,14.0,1.0,MGCoT,0.0019380235180412372,True,False
model x dataset,openchat_7b / aqua,truncated,50,0.54,0.4,-0.14,-0.32,0.04,-25.925925925925927,0.18924713134765625,-0.3333333333333333,14.0,7.0,MGCoT,0.25386810302734375,False,False
model x dataset,openchat_7b / asdiv,truncated,50,0.02,0.06,0.04,0.0,0.1,200.0,0.5,1.0,0.0,2.0,SCoT,0.5886850152905199,False,False
model x dataset,openchat_7b / clutrr,truncated,50,0.0,0.0,0.0,0.0,0.0,,1.0,0.0,0.0,0.0,,1.0,False,False
model x dataset,openchat_7b / date,truncated,50,0.06,0.04,-0.02,-0.1,0.06,-33.333333333333336,1.0,-0.2,3.0,2.0,MGCoT,1.0,False,False
model x dataset,openchat_7b / gsm8k,truncated,50,0.36,0.2,-0.16,-0.3,-0.04,-44.44444444444444,0.03857421875,-0.6666666666666666,10.0,2.0,MGCoT,0.06024776559330629,False,False
model x dataset,openchat_7b / saycan,truncated,50,0.04,0.1,0.06,-0.02,0.16,150.0,0.375,0.6,1.0,4.0,SCoT,0.46274038461538464,False,True
model x dataset,phi3_mini / MultiArith,truncated,50,0.0,0.42,0.42,0.28,0.56,,9.5367431640625e-07,1.0,0.0,21.0,SCoT,2.8352479676942566e-06,True,False
model x dataset,phi3_mini / QASports,truncated,50,0.36,0.7,0.34,0.14,0.52,94.44444444444444,0.002315700054168701,0.5862068965517241,6.0,23.0,SCoT,0.004286271734879567,True,True
model x dataset,phi3_mini / SVAMP,truncated,50,0.18,0.46,0.28,0.1,0.46,155.55555555555557,0.006610751152038574,0.5833333333333334,5.0,19.0,SCoT,0.011286648308358542,True,False
model x dataset,phi3_mini / StrategyQA,truncated,50,0.66,0.92,0.26,0.1,0.42,39.39393939393939,0.004425048828125,0.6842105263157895,3.0,16.0,SCoT,0.007850893082157258,True,False
model x dataset,phi3_mini / aqua,truncated,50,0.68,0.56,-0.12,-0.3,0.06,-17.64705882352941,0.28627872467041016,-0.2727272727272727,14.0,8.0,MGCoT,0.36861976253547796,False,False
model x dataset,phi3_mini / asdiv,truncated,50,0.04,0.48,0.44,0.3,0.6,1100.0,2.9802322387695312e-06,0.9166666666666666,1.0,23.0,SCoT,8.147341519862813e-06,True,False
model x dataset,phi3_mini / clutrr,truncated,50,0.02,0.72,0.7,0.56,0.84,3500.0,5.529727786779404e-10,0.9459459459459459,1.0,36.0,SCoT,2.78293489922885e-09,True,False
model x dataset,phi3_mini / date,truncated,50,0.06,0.0,-0.06,-0.14,0.0,-100.0,0.25,-1.0,3.0,0.0,MGCoT,0.32682512733446517,False,False
model x dataset,phi3_mini / gsm8k,truncated,50,0.36,0.48,0.12,-0.02,0.26,33.333333333333336,0.1795654296875,0.42857142857142855,4.0,10.0,SCoT,0.24316234622144112,False,False
model x dataset,phi3_mini / saycan,truncated,50,0.34,0.84,0.5,0.34,0.6404999999999927,147.05882352941177,1.6242265701293945e-06,0.8620689655172413,2.0,27.0,SCoT,4.666621115670275e-06,True,True
model x dataset,qwen2_1.5b / MultiArith,truncated,50,0.0,0.0,0.0,0.0,0.0,,1.0,0.0,0.0,0.0,,1.0,False,False
model x dataset,qwen2_1.5b / QASports,truncated,50,0.04,0.1,0.06,-0.04,0.16,150.0,0.453125,0.42857142857142855,2.0,5.0,SCoT,0.5426224727838258,False,True
model x dataset,qwen2_1.5b / SVAMP,truncated,50,0.04,0.04,0.0,-0.06,0.06,0.0,1.0,0.0,1.0,1.0,,1.0,False,False
model x dataset,qwen2_1.5b / StrategyQA,truncated,50,0.2,0.3,0.1,-0.06,0.26,50.0,0.359283447265625,0.2631578947368421,7.0,12.0,SCoT,0.44477211317448756,False,False
model x dataset,qwen2_1.5b / aqua,truncated,50,0.46,0.34,-0.12,-0.28,0.04,-26.08695652173913,0.237884521484375,-0.3333333333333333,12.0,6.0,MGCoT,0.3131129599025107,False,False
model x dataset,qwen2_1.5b / asdiv,truncated,50,0.02,0.0,-0.02,-0.06,0.0,-100.0,1.0,-1.0,1.0,0.0,MGCoT,1.0,False,False
model x dataset,qwen2_1.5b / clutrr,truncated,50,0.0,0.0,0.0,0.0,0.0,,1.0,0.0,0.0,0.0,,1.0,False,False
model x dataset,qwen2_1.5b / date,truncated,50,0.02,0.0,-0.02,-0.06,0.0,-100.0,1.0,-1.0,1.0,0.0,MGCoT,1.0,False,False
model x dataset,qwen2_1.5b / gsm8k,truncated,50,0.22,0.24,0.02,-0.1,0.14,9.090909090909092,1.0,0.1111111111111111,4.0,5.0,SCoT,1.0,False,False
model x dataset,qwen2_1.5b / saycan,truncated,50,0.22,0.16,-0.06,-0.18,0.06,-27.272727272727273,0.5078125,-0.3333333333333333,6.0,3.0,MGCoT,0.5968084482230516,False,True
model x dataset,gemma2_2b / MultiArith,delta_time_seconds,50,96.39056199999999,55.074596,-41.315965999999996,-52.5284931,-29.368996400000015,-42.863082383522155,1.5471859846627467e-06,-0.731764705882353,,,MGCoT,4.461922128053614e-06,True,False
model x dataset,gemma2_2b / QASports,delta_time_seconds,50,135.908872,31.025886,-104.88298599999999,-116.4551282,-92.66281255000003,-77.17155212648662,5.861977570020827e-14,-0.9858823529411764,,,MGCoT,5.188187044731077e-13,True,True
model x dataset,gemma2_2b / SVAMP,delta_time_seconds,50,110.73070200000002,64.96466000000001,-45.766042,-54.25264585000001,-36.33932905000001,-41.33094180148879,2.2601653881793027e-10,-0.9027450980392157,,,MGCoT,1.2170121320965477e-09,True,False
model x dataset,gemma2_2b / StrategyQA,delta_time_seconds,50,146.765032,109.67264800000001,-37.092383999999996,-48.323589549999994,-25.738435350000003,-25.273311697298578,1.1645574410579229e-05,-0.6768627450980392,,,MGCoT,2.9692358596509955e-05,True,False
model x dataset,gemma2_2b / aqua,delta_time_seconds,50,143.828206,130.854692,-12.973514,-19.9284498,-6.602607250000002,-9.020145881538703,0.04193213473556767,-0.33019607843137255,,,MGCoT,0.06509625755319981,False,False
model x dataset,gemma2_2b / asdiv,delta_time_seconds,50,80.6927,50.489992,-30.202708,-41.05761150000001,-18.45494685000001,-37.429294099714106,0.00015581408102782746,-0.5937254901960785,,,MGCoT,0.00034084330224837256,True,False
model x dataset,gemma2_2b / clutrr,delta_time_seconds,50,94.60669000000001,12.768472,-81.838218,-87.58772295,-76.68494185,-86.50362675197704,1.7763568394002505e-15,-1.0,,,MGCoT,2.011462891673813e-14,True,False
model x dataset,gemma2_2b / date,delta_time_seconds,50,105.27205199999999,20.602702,-84.66935,-90.53185725000003,-77.9323196,-80.42908672474628,5.329070518200751e-15,-0.9968627450980392,,,MGCoT,5.5451139175872686e-14,True,False
model x dataset,gemma2_2b / gsm8k,delta_time_seconds,50,138.899078,91.28587000000002,-47.61320800000001,-54.99237444999999,-40.092401,-34.27899499808055,2.433608869978343e-13,-0.9764705882352941,,,MGCoT,1.8738788298833244e-12,True,False
model x dataset,gemma2_2b / saycan,delta_time_seconds,50,131.93568799999997,36.722924000000006,-95.212764,-104.53280745,-85.42227654999999,-72.16604198857858,3.552713678800501e-15,-0.9984313725490196,,,MGCoT,3.747382921474501e-14,True,True
model x dataset,llama3.2_1b / MultiArith,delta_time_seconds,50,95.35293,151.895464,56.542534,50.793570599999995,61.851266349999996,59.29816105283813,1.7763568394002505e-15,1.0,,,SCoT,2.011462891673813e-14,True,False
model x dataset,llama3.2_1b / QASports,delta_time_seconds,50,130.57544,45.716041999999995,-84.85939800000001,-100.1717374,-68.65599055000001,-64.98878962230572,5.897913268881894e-10,-0.8886274509803922,,,MGCoT,2.948956634440947e-09,True,True
model x dataset,llama3.2_1b / SVAMP,delta_time_seconds,50,111.62878599999998,151.90348400000002,40.274698,32.610019550000004,47.875572399999996,36.079132850195116,1.7763568394002505e-15,1.0,,,SCoT,2.011462891673813e-14,True,False
model x dataset,llama3.2_1b / StrategyQA,delta_time_seconds,50,148.35541800000001,116.28577000000001,-32.069648,-50.02201780000001,-15.387545100000004,-21.6167689945776,0.5335711137818162,0.1027450980392157,,,MGCoT,0.6206189692024147,False,False
model x dataset,llama3.2_1b / aqua,delta_time_seconds,50,142.67512399999998,146.13949200000002,3.4643679999999977,-5.0023890000000035,10.538612349999996,2.428151385380957,2.8338981969966426e-06,0.716078431372549,,,SCoT,7.821152730062418e-06,True,False
model x dataset,llama3.2_1b / asdiv,delta_time_seconds,50,84.643244,151.885618,67.24237400000001,62.50785415000001,71.66293234999999,79.44210408570827,1.7763568394002505e-15,1.0,,,SCoT,2.011462891673813e-14,True,False
model x dataset,llama3.2_1b / clutrr,delta_time_seconds,50,87.669736,146.437998,58.76826200000001,45.900909649999996,69.2212558,67.03369336027201,3.0854181432005134e-09,0.8619607843137255,,,SCoT,1.2982360493248061e-08,True,False
model x dataset,llama3.2_1b / date,delta_time_seconds,50,98.848714,148.444242,49.595528,39.15532845,59.006024100000005,50.17316462002733,5.610267805877811e-11,0.9215686274509803,,,SCoT,3.2480497823503114e-10,True,False
model x dataset,llama3.2_1b / gsm8k,delta_time_seconds,50,127.358836,151.846628,24.487792,18.299892049999997,30.55911045,19.227399345892263,1.7763568394002505e-15,1.0,,,SCoT,2.011462891673813e-14,True,False
model x dataset,llama3.2_1b / saycan,delta_time_seconds,50,124.535484,103.03182799999999,-21.503656,-41.66373745,-2.877879050000003,-17.267091522284524,0.3988547028530327,-0.1388235294117647,,,MGCoT,0.48748908126481777,False,True
model x dataset,mistral_7b / MultiArith,delta_time_seconds,50,96.158054,114.65132600000001,18.493272,1.033504750000002,34.060262849999994,19.23216124985225,0.027545164283727885,0.3568627450980392,,,SCoT,0.044095169435489544,True,False
model x dataset,mistral_7b / QASports,delta_time_seconds,50,109.969582,129.316556,19.346974,4.678790950000003,33.6301116,17.593023132524046,0.006131180232502587,0.44,,,SCoT,0.010624265025789371,True,True
model x dataset,mistral_7b / SVAMP,delta_time_seconds,50,102.381802,121.493208,19.111406,4.497889000000002,33.24705589999998,18.666799789282866,0.00784436585604098,0.42745098039215684,,,SCoT,0.013304320945267742,True,False
model x dataset,mistral_7b / StrategyQA,delta_time_seconds,50,118.585808,149.324108,30.7383,22.278158400000002,38.8610081,25.920724004342915,8.22989321136447e-09,0.8447058823529412,,,SCoT,3.335272511974022e-08,True,False
model x dataset,mistral_7b / aqua,delta_time_seconds,50,147.495202,153.77837,6.283167999999997,1.2217530999999986,12.283215649999997,4.259913485185773,2.8391607465039215e-07,0.7725490196078432,,,SCoT,9.263363452576354e-07,True,False
model x dataset,mistral_7b / asdiv,delta_time_seconds,50,73.349756,120.034954,46.68519799999999,32.219991099999994,60.134301549999996,63.64738009489765,1.4032918471684752e-07,0.788235294117647,,,SCoT,4.823815724641634e-07,True,False
model x dataset,mistral_7b / clutrr,delta_time_seconds,50,80.723972,140.39191799999998,59.667946,47.849550550000004,69.88200810000001,73.9160184040498,3.134559278805682e-10,0.8980392156862745,,,SCoT,1.6419120031839286e-09,True,False
model x dataset,mistral_7b / date,delta_time_seconds,50,97.67155000000001,120.54628000000001,22.87473,6.323570599999998,37.70428185,23.42005425326003,0.0018425334424101436,0.4964705882352941,,,SCoT,0.0034858740802354068,True,False
model x dataset,mistral_7b / gsm8k,delta_time_seconds,50,133.211842,150.05206200000003,16.840220000000002,9.484192499999999,24.153441049999994,12.641683912756047,1.3054913772236887e-07,0.7898039215686274,,,SCoT,4.507750495346369e-07,True,False
model x dataset,mistral_7b / saycan,delta_time_seconds,50,84.91709399999999,151.20586999999998,66.288776,59.28521605,72.9855992,78.06293512587702,1.7763568394002505e-15,1.0,,,SCoT,2.011462891673813e-14,True,True
model x dataset,openchat_7b / MultiArith,delta_time_seconds,50,98.50717400000002,51.825546,-46.681628,-53.13395235,-40.12276930000001,-47.38906427261835,1.9539925233402755e-13,-0.9780392156862745,,,MGCoT,1.5511074669814557e-12,True,False
model x dataset,openchat_7b / QASports,delta_time_seconds,50,96.46396,38.34347999999999,-58.12048000000001,-63.912369549999994,-52.411435700000006,-60.25097870748827,1.7763568394002505e-15,-1.0,,,MGCoT,2.011462891673813e-14,True,True
model x dataset,openchat_7b / SVAMP,delta_time_seconds,50,103.51474199999998,68.11904,-35.395702,-42.881710649999995,-27.537471699999998,-34.19387549649692,5.318447904301138e-10,-0.8901960784313725,,,MGCoT,2.6942137409946554e-09,True,False
model x dataset,openchat_7b / StrategyQA,delta_time_seconds,50,129.34560000000002,79.09476599999999,-50.250834000000005,-59.023671,-41.3397985,-38.850052881582364,1.6058265828178264e-12,-0.9607843137254902,,,MGCoT,1.1240786079724785e-11,True,False
model x dataset,openchat_7b / aqua,delta_time_seconds,50,140.32792999999998,124.406368,-15.921562,-25.0096533,-7.170862099999997,-11.345967976581711,0.003913313547160513,-0.4619607843137255,,,MGCoT,0.007040307082508399,True,False
model x dataset,openchat_7b / asdiv,delta_time_seconds,50,88.28518600000001,50.84727,-37.437916,-46.67147675,-27.642180700000008,-42.4056602202775,9.772863407420118e-09,-0.8415686274509804,,,MGCoT,3.919325429017443e-08,True,False
model x dataset,openchat_7b / clutrr,delta_time_seconds,50,73.554954,14.335745999999999,-59.219208,-64.2770582,-54.41495365000001,-80.5101557129653,1.7763568394002505e-15,-1.0,,,MGCoT,2.011462891673813e-14,True,False
model x dataset,openchat_7b / date,delta_time_seconds,50,104.755836,25.249070000000003,-79.50676600000001,-88.98490029999999,-67.95440390000002,-75.89721874779369,2.239985974483716e-12,-0.9576470588235294,,,MGCoT,1.5129729827653168e-11,True,False
model x dataset,openchat_7b / gsm8k,delta_time_seconds,50,135.45751200000004,115.62980599999999,-19.827706,-28.152486100000004,-11.769558600000005,-14.637583185493613,4.213757459226031e-05,-0.6376470588235295,,,MGCoT,0.00010107767114031289,True,False
model x dataset,openchat_7b / saycan,delta_time_seconds,50,87.73869199999999,58.947849999999995,-28.790842,-41.00885735,-15.365170000000006,-32.81430500468369,8.630484972549368e-05,-0.6141176470588235,,,MGCoT,0.00020076958999586144,True,True
model x dataset,phi3_mini / MultiArith,delta_time_seconds,50,94.69666199999998,88.83957599999998,-5.857085999999998,-19.6837129,8.340952449999998,-6.185102913131193,0.5918179227766114,-0.08862745098039215,,,MGCoT,0.6751108156118382,False,False
model x dataset,phi3_mini / QASports,delta_time_seconds,50,123.63247200000002,129.44373,5.811258000000002,-8.285532699999997,19.56999345,4.700430158834001,0.13045894629165566,0.24705882352941178,,,SCoT,0.18330910336601253,False,True
model x dataset,phi3_mini / SVAMP,delta_time_seconds,50,103.824696,103.828026,0.0033299999999994155,-15.50460565,15.113206549999964,0.0032073294007038708,0.8707939059443142,0.027450980392156862,,,SCoT,0.9417293645746094,False,False
model x dataset,phi3_mini / StrategyQA,delta_time_seconds,50,143.781792,148.35032399999997,4.568532000000001,-2.855651149999999,10.787434449999994,3.177406496644583,1.6455253124547653e-06,0.7301960784313726,,,SCoT,4.71023974197089e-06,True,False
model x dataset,phi3_mini / aqua,delta_time_seconds,50,143.953766,123.71669999999999,-20.237066,-33.479713049999994,-7.911543400000005,-14.058031659970604,0.07237748012944856,-0.29254901960784313,,,MGCoT,0.10738084720554024,False,False
model x dataset,phi3_mini / asdiv,delta_time_seconds,50,87.44159599999999,110.18316399999999,22.741568,8.42207545,37.069262749999986,26.007722914847076,0.0013303578723942167,0.5105882352941177,,,SCoT,0.0025933558525153082,True,False
model x dataset,phi3_mini / clutrr,delta_time_seconds,50,86.588854,128.33765,41.748796,28.177324549999998,53.80492924999997,48.214976953038324,2.1499046276574063e-07,0.7788235294117647,,,SCoT,7.197506796940012e-07,True,False
model x dataset,phi3_mini / date,delta_time_seconds,50,97.27840400000001,30.44326,-66.835144,-76.74860595,-56.356830050000006,-68.70501699431664,3.0020430585864233e-13,-0.9749019607843137,,,MGCoT,2.2886862921896495e-12,True,False
model x dataset,phi3_mini / gsm8k,delta_time_seconds,50,133.675966,119.369568,-14.306397999999996,-24.605362799999995,-4.081810100000009,-10.702296327523825,0.052989788310034314,-0.31450980392156863,,,MGCoT,0.08111756858593723,False,False
model x dataset,phi3_mini / saycan,delta_time_seconds,50,118.84805200000001,142.20293,23.354878000000003,13.308316200000004,33.04402125,19.651039799962394,2.36936675790389e-06,0.7207843137254902,,,SCoT,6.586326366736445e-06,True,True
model x dataset,qwen2_1.5b / MultiArith,delta_time_seconds,50,62.102688,53.36358,-8.739107999999998,-15.92388115,-2.2059678500000004,-14.072028573062727,0.037166605079788084,-0.3380392156862745,,,MGCoT,0.058404665125381276,False,False
model x dataset,qwen2_1.5b / QASports,delta_time_seconds,50,31.824447999999997,50.51442599999999,18.689978,4.559526249999999,33.021063449999986,58.728365060723135,0.001909205638362721,0.4949019607843137,,,SCoT,0.0036031576998512135,True,True
model x dataset,qwen2_1.5b / SVAMP,delta_time_seconds,50,74.605332,62.86342599999999,-11.741905999999998,-21.451151699999997,-1.918648050000001,-15.73869545946126,0.029727315082014982,-0.35215686274509805,,,MGCoT,0.047391371869878955,True,False
model x dataset,qwen2_1.5b / StrategyQA,delta_time_seconds,50,95.56881599999998,95.974468,0.4056520000000009,-13.47554055,14.6184383,0.42446063159346975,0.6321732707310517,0.0792156862745098,,,SCoT,0.7126990021418884,False,False
model x dataset,qwen2_1.5b / aqua,delta_time_seconds,50,123.398966,109.59166400000002,-13.807302000000002,-29.105904250000002,0.4456475499999969,-11.18915534511043,0.5655778099255286,-0.09490196078431372,,,MGCoT,0.6509639964763184,False,False
model x dataset,qwen2_1.5b / asdiv,delta_time_seconds,50,50.208212,27.287308,-22.920903999999997,-30.981813,-15.218344750000004,-45.6517033508383,4.2698192537216073e-07,-0.7631372549019608,,,MGCoT,1.3529879939776287e-06,True,False
model x dataset,qwen2_1.5b / clutrr,delta_time_seconds,50,15.369872,8.224998000000001,-7.144874,-12.28967035,-2.5483035000000007,-46.48622968363041,0.916185835362695,-0.01803921568627451,,,MGCoT,0.9825391270602718,False,False
model x dataset,qwen2_1.5b / date,delta_time_seconds,50,53.10175,36.150536,-16.951214000000004,-24.7375471,-9.546787700000015,-31.922138159288544,0.0013800985654270903,-0.5090196078431373,,,MGCoT,0.002670039938137838,True,False
model x dataset,qwen2_1.5b / gsm8k,delta_time_seconds,50,111.304772,110.71474199999999,-0.5900300000000014,-8.463785549999999,6.678493050000001,-0.5301030579353789,0.5462652589115535,0.0996078431372549,,,MGCoT,0.6325176682133777,False,False
model x dataset,qwen2_1.5b / saycan,delta_time_seconds,50,60.53161,46.48894,-14.042670000000005,-27.56863355,-0.29130620000000523,-23.198903845445386,0.32777522027848605,-0.1607843137254902,,,MGCoT,0.41374904854825284,False,True
model x dataset,gemma2_2b / MultiArith,target_error,50,0.4694499061034674,0.44970525195451555,-0.01974465414895189,-0.037159178486756116,-0.0027650743373218564,-4.2059128976798945,0.057843737083478335,-0.30823529411764705,,,MGCoT,0.08802307817051051,False,False
model x dataset,gemma2_2b / QASports,target_error,50,0.6435541945658282,0.5099999234541955,-0.1335542711116328,-0.15834838680409863,-0.10518730802876561,-20.752606732947292,1.8094681308866711e-10,-0.9058823529411765,,,MGCoT,1.0023672379731918e-09,True,True
model x dataset,gemma2_2b / SVAMP,target_error,50,0.4307068823701529,0.43192990019420885,0.001223017824055993,-0.014561423434424469,0.016219812621157122,0.28395595104628996,0.6321732707310517,0.0792156862745098,,,SCoT,0.7126990021418884,False,False
model x dataset,gemma2_2b / StrategyQA,target_error,50,0.6119765714974842,0.5618942285434632,-0.05008234295402114,-0.07106839885567194,-0.03053266600279153,-8.183702658987661,3.457260659445183e-05,-0.643921568627451,,,MGCoT,8.34511193659182e-05,True,False
model x dataset,gemma2_2b / aqua,target_error,50,0.46662328483188864,0.45554924965199883,-0.011074035179889903,-0.02267450603533876,-0.0003214070167181253,-2.3732281563873454,0.16888071753563239,-0.22509803921568627,,,MGCoT,0.23097362789065173,False,False
model x dataset,gemma2_2b / asdiv,target_error,50,0.4545439522511976,0.45609249276412017,0.0015485405129226492,-0.014743550537555005,0.017252111308303356,0.3406800388066475,0.7160933233749613,0.0603921568627451,,,SCoT,0.7968090447958384,False,False
model x dataset,gemma2_2b / clutrr,target_error,50,0.47994003409875796,0.20044883032433716,-0.27949120377442077,-0.3015593002314143,-0.2561665799035311,-58.23460930890159,1.7763568394002505e-15,-1.0,,,MGCoT,2.011462891673813e-14,True,False
model x dataset,gemma2_2b / date,target_error,50,0.46899807593617754,0.3957217654455076,-0.07327631049067,-0.12128587160282904,-0.025135443711261186,-15.624010896932045,0.0005294876867694143,-0.548235294117647,,,MGCoT,0.0010843231883309813,True,False
model x dataset,gemma2_2b / gsm8k,target_error,50,0.2763019015790224,0.24683675822336876,-0.029465143355653648,-0.03992243073182445,-0.01952890212596254,-10.6641116790239,4.56562391448756e-07,-0.7615686274509804,,,MGCoT,1.4211271472649904e-06,True,False
model x dataset,gemma2_2b / saycan,target_error,50,0.4443402704739055,0.4631601566255843,0.018819886151678848,-0.015463301076875303,0.052550941286413494,4.235467141343443,0.14874176207376877,0.23607843137254902,,,SCoT,0.2059912892028812,False,True
model x dataset,llama3.2_1b / MultiArith,target_error,50,0.47185077518349056,0.5418675949335736,0.07001681975008311,0.05104662363653679,0.08870520686260594,14.838763319368372,1.9077969426462005e-08,0.8290196078431372,,,SCoT,7.1310856594057e-08,True,False
model x dataset,llama3.2_1b / QASports,target_error,50,0.5471478435607451,0.5898004154053182,0.04265257184457308,0.017044572686326892,0.0670170346164289,7.795438170238851,0.0021981232450851707,0.4886274509803922,,,SCoT,0.00407844553907369,True,True
model x dataset,llama3.2_1b / SVAMP,target_error,50,0.43350635847219915,0.5153725234661315,0.08186616499393232,0.060748958095630246,0.1031407079249433,18.884651492183917,9.785132704109856e-10,0.8807843137254902,,,SCoT,4.4583149006891056e-09,True,False
model x dataset,llama3.2_1b / StrategyQA,target_error,50,0.5987587193245293,0.5242232346123795,-0.07453548471214963,-0.09794649996279754,-0.053243649409827024,-12.448333912570739,2.2601653881793027e-10,-0.9027450980392157,,,MGCoT,1.2170121320965477e-09,True,False
model x dataset,llama3.2_1b / aqua,target_error,50,0.49121292781403275,0.43878625561727225,-0.052426672196760664,-0.07739221858444661,-0.029927286827839322,-10.672901552096114,0.00010867611974241242,-0.6062745098039216,,,MGCoT,0.00024468015263642563,True,False
model x dataset,llama3.2_1b / asdiv,target_error,50,0.4464304607670877,0.5331985330902397,0.08676807232315198,0.07029189616423388,0.10274749827066777,19.43596594507935,2.994404724177002e-11,0.9294117647058824,,,SCoT,1.7600699523788486e-10,True,False
model x dataset,llama3.2_1b / clutrr,target_error,50,0.4787362462467206,0.518936494187974,0.04020024794125335,0.025329883360015654,0.05486787523714902,8.39715986755175,5.367254770405339e-06,0.6988235294117647,,,SCoT,1.4399951823038713e-05,True,False
model x dataset,llama3.2_1b / date,target_error,50,0.431056913085538,0.5766380833919327,0.14558117030639464,0.13167665118085706,0.15932967297501682,33.77307401575203,1.7763568394002505e-15,1.0,,,SCoT,2.011462891673813e-14,True,False
model x dataset,llama3.2_1b / gsm8k,target_error,50,0.2879094213916449,0.328282152272755,0.04037273088111019,0.02156443276483581,0.06009694059142951,14.022719606035722,0.00014903614355255002,0.5952941176470589,,,SCoT,0.0003269453861409217,True,False
model x dataset,llama3.2_1b / saycan,target_error,50,0.3760997322349799,0.4109704061764113,0.03487067394143142,0.010074495271017123,0.05812683812173944,9.271656146685286,0.0015962870115284744,0.5027450980392156,,,SCoT,0.0030424282150418942,True,True
model x dataset,mistral_7b / MultiArith,target_error,50,0.45143785711342077,0.4937853035129372,0.04234744639951648,0.02627068863192278,0.05885139436804251,9.380570488769834,7.946967700789287e-06,0.687843137254902,,,SCoT,2.0956044964410105e-05,True,False
model x dataset,mistral_7b / QASports,target_error,50,0.5435505203999874,0.5622821639304711,0.01873164353048375,0.00028127038176321606,0.03673612732913085,3.446164216106265,0.09908592454842413,0.2690196078431373,,,SCoT,0.14260964841548895,False,True
model x dataset,mistral_7b / SVAMP,target_error,50,0.42236892298098605,0.4746165777556132,0.0522476547746272,0.0353951039856123,0.06906937317318029,12.370146554787897,3.9920236538648624e-07,0.7647058823529411,,,SCoT,1.270189344411547e-06,True,False
model x dataset,mistral_7b / StrategyQA,target_error,50,0.5641951314990211,0.5398948380529055,-0.024300293446115742,-0.0385397809074322,-0.01013812827731331,-4.307072516126081,0.00197803909377825,-0.49333333333333335,,,MGCoT,0.003714853907827445,True,False
model x dataset,mistral_7b / aqua,target_error,50,0.4706869292362425,0.479979112976925,0.009292183740682657,-0.00026495415072578805,0.018662732759114887,1.9741750117770567,0.15430250303892734,0.23294117647058823,,,SCoT,0.21254548719136682,False,False
model x dataset,mistral_7b / asdiv,target_error,50,0.430636751389398,0.48777020306711527,0.05713345167771731,0.040271859970408386,0.0730810433671246,13.267202925292153,1.2141019567479816e-07,0.7913725490196079,,,SCoT,4.2110743544862423e-07,True,False
model x dataset,mistral_7b / clutrr,target_error,50,0.4451071762188451,0.4473825260784159,0.0022753498595708276,-0.013652800374107484,0.018092868222955843,0.5111914570553027,0.559104623193516,0.09647058823529411,,,SCoT,0.644476886016478,False,False
model x dataset,mistral_7b / date,target_error,50,0.45371632466167,0.49690834799848604,0.04319202333681603,-5.060415320824167e-06,0.07703377453384724,9.51960971847855,9.979758868183808e-07,0.7427450980392157,,,SCoT,2.9555439725005894e-06,True,False
model x dataset,mistral_7b / gsm8k,target_error,50,0.28059103429434246,0.3018477318625728,0.021256697568230343,0.009611006820772448,0.0332913786781347,7.575686665002945,0.0027053239960554976,0.4792156862745098,,,SCoT,0.0049479797552558985,True,False
model x dataset,mistral_7b / saycan,target_error,50,0.3565596884722797,0.4169812178670507,0.060421529394770995,0.04819471471147476,0.07400048897471632,16.945698391664482,1.6058265828178264e-12,0.9607843137254902,,,SCoT,1.1240786079724785e-11,True,True
model x dataset,openchat_7b / MultiArith,target_error,50,0.45252470159609587,0.45012915646198565,-0.002395545134110242,-0.011883155621334907,0.007200574423033574,-0.5293733415349341,0.46647302992520423,-0.12,,,MGCoT,0.5560127446476892,False,False
model x dataset,openchat_7b / QASports,target_error,50,0.5292798580086419,0.5435956364869734,0.014315778478331612,0.0015482005654270342,0.027225305515542007,2.704765401841131,0.08401577354329604,0.2815686274509804,,,SCoT,0.1225230030839734,False,True
model x dataset,openchat_7b / SVAMP,target_error,50,0.41973279072032554,0.4108728773373298,-0.008859913382995762,-0.019205928152651763,0.0017406165240455478,-2.1108461332722657,0.09130577606126522,-0.2752941176470588,,,MGCoT,0.1324019728195371,False,False
model x dataset,openchat_7b / StrategyQA,target_error,50,0.5596849113610127,0.5277582187239009,-0.03192669263711166,-0.04751389111426174,-0.017349604589306032,-5.704404744354102,0.0002409992117797799,-0.5780392156862745,,,MGCoT,0.000521262340085479,True,False
model x dataset,openchat_7b / aqua,target_error,50,0.44394546684228536,0.4548161498221058,0.010870682979820466,0.0020534655075760016,0.01997498204331938,2.4486527719591176,0.016185270214664982,0.38823529411764707,,,SCoT,0.026743901427665313,True,False
model x dataset,openchat_7b / asdiv,target_error,50,0.44149569099809016,0.42668314427037324,-0.014812546727716851,-0.024721109879025725,-0.004167475332888629,-3.3550829667737183,0.004606102327862516,-0.4541176470588235,,,MGCoT,0.008153330557365833,True,False
model x dataset,openchat_7b / clutrr,target_error,50,0.4145240718851197,0.23568269271404227,-0.1788413791710775,-0.20437715592158384,-0.15350091343212366,-43.14378616367573,9.066026281609868e-10,-0.9952941176470588,,,MGCoT,4.155262045737856e-09,True,False
model x dataset,openchat_7b / date,target_error,50,0.44758314042760744,0.44474056083682684,-0.002842579590780604,-0.015516482368946366,0.011493164921098043,-0.6350953228633431,0.19427670053532076,-0.21254901960784314,,,MGCoT,0.2601618424559948,False,False
model x dataset,openchat_7b / gsm8k,target_error,50,0.2671677848024833,0.2739207975293762,0.006753012726892902,-0.004002297954385444,0.017335183339944233,2.5276298682063754,0.1781010477908609,0.2203921568627451,,,SCoT,0.24229294487449274,False,False
model x dataset,openchat_7b / saycan,target_error,50,0.3458920819793495,0.40607101537117934,0.06017893339182983,0.039342559700839316,0.08016038333584513,17.39818183968219,3.486415511844143e-07,0.7678431372549019,,,SCoT,1.1185583100499958e-06,True,True
model x dataset,phi3_mini / MultiArith,target_error,50,0.43830304717881957,0.489100893285779,0.05079784610695941,0.03205777771034196,0.0700991799463944,11.589663004609417,4.347570224954028e-05,0.6643137254901961,,,SCoT,0.00010396363581411806,True,False
model x dataset,phi3_mini / QASports,target_error,50,0.5528709148079772,0.5844385420838152,0.031567627275838,0.019894208639065616,0.043452508815462025,5.709764509280082,8.87296791773906e-06,0.6847058823529412,,,SCoT,2.292679629751368e-05,True,True
model x dataset,phi3_mini / SVAMP,target_error,50,0.4113927493524587,0.4562852358330447,0.04489248648058611,0.030584781930970195,0.05943875204988632,10.912318350590253,1.8673260271384606e-07,0.7819607843137255,,,SCoT,6.334101501747202e-07,True,False
model x dataset,phi3_mini / StrategyQA,target_error,50,0.5748219576224635,0.5390287037626874,-0.035793253859775984,-0.048335835425682615,-0.023360925906849878,-6.2268417872938295,5.951474850718341e-07,-0.7552941176470588,,,MGCoT,1.8185062043861599e-06,True,False
model x dataset,phi3_mini / aqua,target_error,49,0.46927938241429407,0.45324814811609215,-0.01603123429820193,-0.04146090453909257,0.007228415504881903,-3.4161386370153957,0.6079896611658668,-0.08571428571428572,,,MGCoT,0.6894728116313954,False,False
model x dataset,phi3_mini / asdiv,target_error,50,0.41682608507688884,0.49305860240677474,0.07623251732988581,0.05715539219831518,0.09495089350789349,18.28880678516647,4.3148595807451784e-10,0.8933333333333333,,,SCoT,2.2298267632038843e-09,True,False
model x dataset,phi3_mini / clutrr,target_error,50,0.42780705843626454,0.45770620594321904,0.029899147506954417,0.015007789626377948,0.043580201394291945,6.9889327250099225,6.825250486741652e-05,0.6219607843137255,,,SCoT,0.00016022691691436195,True,False
model x dataset,phi3_mini / date,target_error,50,0.4575423151043483,0.27573023247596384,-0.1818120826283845,-0.24260521274420987,-0.12435520620442635,-39.73667060431776,2.670359481982132e-06,-0.7176470588235294,,,MGCoT,7.39631942851166e-06,True,False
model x dataset,phi3_mini / gsm8k,target_error,50,0.2712868998162621,0.28483522939019007,0.01354832957392802,-0.002959878300085353,0.02960739460984634,4.994096501933587,0.040940454006349825,0.33176470588235296,,,SCoT,0.06368515067654418,False,False
model x dataset,phi3_mini / saycan,target_error,50,0.39202164713400045,0.39814917831897156,0.006127531184971186,-0.010847208109153194,0.023905362120375397,1.5630593947473213,0.652772195247282,0.07450980392156863,,,SCoT,0.7327034844612349,False,True
model x dataset,qwen2_1.5b / MultiArith,target_error,50,0.4432221945908161,0.4458569168494991,0.0026347222586829864,-0.005158562705189992,0.010561187332234066,0.5944472751675645,0.5933963803088957,0.09013605442176871,,,SCoT,0.6753657221155502,False,False
model x dataset,qwen2_1.5b / QASports,target_error,50,0.6000144496741742,0.5962900277649011,-0.003724421909272966,-0.03664526575792469,0.02803874336169296,-0.6207220361602023,0.9371492513747022,0.013877551020408163,,,MGCoT,1.0,False,True
model x dataset,qwen2_1.5b / SVAMP,target_error,50,0.4151181799718911,0.4082513734703453,-0.006866806501545884,-0.020619011488536277,0.006897690618650015,-1.6541811062119363,0.2765444139297699,-0.18040816326530612,,,MGCoT,0.3572805347750383,False,False
model x dataset,qwen2_1.5b / StrategyQA,target_error,50,0.5450862608698162,0.5078189086551356,-0.03726735221468056,-0.06122168154827554,-0.013050745701939075,-6.83696414494314,0.006312076966963787,-0.44727891156462585,,,MGCoT,0.01089753198332313,True,False
model x dataset,qwen2_1.5b / aqua,target_error,50,0.4527648093328807,0.4384565313340387,-0.014308277998842019,-0.03257866599512487,0.0014885539314848928,-3.1602009926355206,0.4490067617286915,-0.12470588235294118,,,MGCoT,0.5385283590826985,False,False
model x dataset,qwen2_1.5b / asdiv,target_error,50,0.4227430920215622,0.4137054882323289,-0.009037603789233234,-0.02227854574947653,0.0037868205048694537,-2.137847775587606,0.20712819215054878,-0.21554116558741906,,,MGCoT,0.2759320206849871,False,False
model x dataset,qwen2_1.5b / clutrr,target_error,50,0.29334530949893717,0.2598503760029162,-0.03349493349602101,-0.061720230916484674,-0.006027579931328626,-11.418261145280853,0.026243623203486922,-0.4369747899159664,,,MGCoT,0.04227529260812747,True,False
model x dataset,qwen2_1.5b / date,target_error,50,0.4172670706056166,0.4168052219761381,-0.0004618486294786317,-0.012750673258651975,0.011853017971441648,-0.11068417855459094,0.834972962265077,0.03571428571428571,,,MGCoT,0.9080920634803803,False,False
model x dataset,qwen2_1.5b / gsm8k,target_error,50,0.27562429045411974,0.281943772973345,0.006319482519225266,-0.005822082402141221,0.018416569339653285,2.2927886757779077,0.08054833435456032,0.2847058823529412,,,SCoT,0.11813755705335514,False,False
model x dataset,qwen2_1.5b / saycan,target_error,50,0.34328924349625334,0.35959067545337203,0.016301431957118875,-0.007632476524803929,0.04334571666893356,4.748599691355254,0.26481863399385475,0.21621621621621623,,,SCoT,0.3435726670500804,False,True
