model,dataset,set,metric,scot_mean,scot_std,mgcot_mean,mgcot_std,winner
deepseek-r1_8b,MultiArith,hardware,delta_time_seconds,153.799,1.4517,155.8498,0.8914,SCoT
deepseek-r1_8b,MultiArith,hardware,cpu_usage_avg_percent,38.7727,5.5722,42.0326,6.7463,SCoT
deepseek-r1_8b,MultiArith,hardware,ram_usage_avg_mb,14553.4931,479.8874,14487.4605,473.8472,MGCoT
deepseek-r1_8b,MultiArith,hardware,ram_usage_avg_percent,89.7135,2.9585,89.3063,2.921,MGCoT
deepseek-r1_8b,MultiArith,hardware,gpu_usage_avg_percent,11.8664,0.2777,12.2118,0.3047,SCoT
deepseek-r1_8b,MultiArith,hardware,gpu_memory_avg_mb,3290.0552,487.9802,3311.0056,479.6939,SCoT
deepseek-r1_8b,MultiArith,performance,rouge1_f1,0.0,0.0,0.0,0.0,tie
deepseek-r1_8b,MultiArith,performance,rouge2_f1,0.0,0.0,0.0,0.0,tie
deepseek-r1_8b,MultiArith,performance,rougeL_f1,0.0,0.0,0.0,0.0,tie
deepseek-r1_8b,MultiArith,performance,bleu,0.0,0.0,0.0,0.0,tie
deepseek-r1_8b,MultiArith,performance,exact_match,0.0,0.0,0.0,0.0,tie
deepseek-r1_8b,MultiArith,performance,token_precision,0.0,0.0,0.0,0.0,tie
deepseek-r1_8b,MultiArith,performance,token_recall,0.0,0.0,0.0,0.0,tie
deepseek-r1_8b,MultiArith,performance,token_f1,0.0,0.0,0.0,0.0,tie
deepseek-r1_8b,MultiArith,performance,token_overlap_count,0.0,0.0,0.0,0.0,tie
deepseek-r1_8b,MultiArith,performance,normalized_edit_distance,0.0012,0.0083,0.0,0.0,MGCoT
deepseek-r1_8b,MultiArith,performance,char_f1,0.0036,0.0257,0.0,0.0,SCoT
deepseek-r1_8b,MultiArith,performance,bert_score_f1,0.0158,0.1117,0.0,0.0,SCoT
deepseek-r1_8b,MultiArith,performance,semantic_similarity,0.0026,0.0183,0.0,0.0,SCoT
deepseek-r1_8b,QASports,hardware,delta_time_seconds,153.3356,1.4856,155.2043,1.0296,SCoT
deepseek-r1_8b,QASports,hardware,cpu_usage_avg_percent,36.5672,7.4784,37.7834,8.2827,SCoT
deepseek-r1_8b,QASports,hardware,ram_usage_avg_mb,13672.1033,1442.4756,13568.2038,1489.751,MGCoT
deepseek-r1_8b,QASports,hardware,ram_usage_avg_percent,84.2803,8.8934,83.641,9.1822,MGCoT
deepseek-r1_8b,QASports,hardware,gpu_usage_avg_percent,13.4222,3.4577,13.6478,3.4223,SCoT
deepseek-r1_8b,QASports,hardware,gpu_memory_avg_mb,2758.1308,273.3822,2759.0562,283.8362,SCoT
deepseek-r1_8b,QASports,performance,rouge1_f1,0.0,0.0,0.0,0.0,tie
deepseek-r1_8b,QASports,performance,rouge2_f1,0.0,0.0,0.0,0.0,tie
deepseek-r1_8b,QASports,performance,rougeL_f1,0.0,0.0,0.0,0.0,tie
deepseek-r1_8b,QASports,performance,bleu,0.0,0.0,0.0,0.0,tie
deepseek-r1_8b,QASports,performance,exact_match,0.0,0.0,0.0,0.0,tie
deepseek-r1_8b,QASports,performance,token_precision,0.0,0.0,0.0,0.0,tie
deepseek-r1_8b,QASports,performance,token_recall,0.0,0.0,0.0,0.0,tie
deepseek-r1_8b,QASports,performance,token_f1,0.0,0.0,0.0,0.0,tie
deepseek-r1_8b,QASports,performance,token_overlap_count,0.0,0.0,0.0,0.0,tie
deepseek-r1_8b,QASports,performance,normalized_edit_distance,0.0,0.0,0.0,0.0,tie
deepseek-r1_8b,QASports,performance,char_f1,0.0,0.0,0.0,0.0,tie
deepseek-r1_8b,QASports,performance,bert_score_f1,0.0,0.0,0.0,0.0,tie
deepseek-r1_8b,QASports,performance,semantic_similarity,0.0,0.0,0.0,0.0,tie
deepseek-r1_8b,SVAMP,hardware,delta_time_seconds,153.6103,0.2972,155.5942,0.4966,SCoT
deepseek-r1_8b,SVAMP,hardware,cpu_usage_avg_percent,26.8385,0.5505,28.414,0.9949,SCoT
deepseek-r1_8b,SVAMP,hardware,ram_usage_avg_mb,14580.4276,574.0563,14495.259,525.745,MGCoT
deepseek-r1_8b,SVAMP,hardware,ram_usage_avg_percent,89.8788,3.5389,89.354,3.241,MGCoT
deepseek-r1_8b,SVAMP,hardware,gpu_usage_avg_percent,11.746,0.1349,11.8504,0.14,SCoT
deepseek-r1_8b,SVAMP,hardware,gpu_memory_avg_mb,4034.7661,28.2843,4038.7656,0.0,SCoT
deepseek-r1_8b,SVAMP,performance,rouge1_f1,0.0067,0.0471,0.0,0.0,SCoT
deepseek-r1_8b,SVAMP,performance,rouge2_f1,0.0,0.0,0.0,0.0,tie
deepseek-r1_8b,SVAMP,performance,rougeL_f1,0.0067,0.0471,0.0,0.0,SCoT
deepseek-r1_8b,SVAMP,performance,bleu,0.0,0.0,0.0,0.0,SCoT
deepseek-r1_8b,SVAMP,performance,exact_match,0.0,0.0,0.0,0.0,tie
deepseek-r1_8b,SVAMP,performance,token_precision,0.0029,0.0202,0.0,0.0,SCoT
deepseek-r1_8b,SVAMP,performance,token_recall,0.01,0.0707,0.0,0.0,SCoT
deepseek-r1_8b,SVAMP,performance,token_f1,0.0044,0.0314,0.0,0.0,SCoT
deepseek-r1_8b,SVAMP,performance,token_overlap_count,0.02,0.1414,0.0,0.0,SCoT
deepseek-r1_8b,SVAMP,performance,normalized_edit_distance,0.0015,0.009,0.0,0.0,MGCoT
deepseek-r1_8b,SVAMP,performance,char_f1,0.0061,0.0306,0.0,0.0,SCoT
deepseek-r1_8b,SVAMP,performance,bert_score_f1,0.0314,0.1556,0.0,0.0,SCoT
deepseek-r1_8b,SVAMP,performance,semantic_similarity,0.0078,0.0462,0.0,0.0,SCoT
deepseek-r1_8b,StrategyQA,hardware,delta_time_seconds,153.0399,0.0886,155.1575,0.0757,SCoT
deepseek-r1_8b,StrategyQA,hardware,cpu_usage_avg_percent,27.8753,4.7387,29.3203,5.4257,SCoT
deepseek-r1_8b,StrategyQA,hardware,ram_usage_avg_mb,14507.035,493.4872,14386.6954,512.5581,MGCoT
deepseek-r1_8b,StrategyQA,hardware,ram_usage_avg_percent,89.4274,3.0424,88.6849,3.158,MGCoT
deepseek-r1_8b,StrategyQA,hardware,gpu_usage_avg_percent,11.6574,0.1248,11.8965,0.1682,SCoT
deepseek-r1_8b,StrategyQA,hardware,gpu_memory_avg_mb,2845.5256,201.9161,2845.5657,201.9076,SCoT
deepseek-r1_8b,StrategyQA,performance,rouge1_f1,0.0,0.0,0.0,0.0,tie
deepseek-r1_8b,StrategyQA,performance,rouge2_f1,0.0,0.0,0.0,0.0,tie
deepseek-r1_8b,StrategyQA,performance,rougeL_f1,0.0,0.0,0.0,0.0,tie
deepseek-r1_8b,StrategyQA,performance,bleu,0.0,0.0,0.0,0.0,tie
deepseek-r1_8b,StrategyQA,performance,exact_match,0.0,0.0,0.0,0.0,tie
deepseek-r1_8b,StrategyQA,performance,token_precision,0.0,0.0,0.0,0.0,tie
deepseek-r1_8b,StrategyQA,performance,token_recall,0.0,0.0,0.0,0.0,tie
deepseek-r1_8b,StrategyQA,performance,token_f1,0.0,0.0,0.0,0.0,tie
deepseek-r1_8b,StrategyQA,performance,token_overlap_count,0.0,0.0,0.0,0.0,tie
deepseek-r1_8b,StrategyQA,performance,normalized_edit_distance,0.0,0.0,0.0005,0.0034,SCoT
deepseek-r1_8b,StrategyQA,performance,char_f1,0.0,0.0,0.0057,0.0404,MGCoT
deepseek-r1_8b,StrategyQA,performance,bert_score_f1,0.0,0.0,0.016,0.1133,MGCoT
deepseek-r1_8b,StrategyQA,performance,semantic_similarity,0.0,0.0,0.0007,0.0048,MGCoT
deepseek-r1_8b,aqua,hardware,delta_time_seconds,155.0318,6.593,156.3193,1.0362,SCoT
deepseek-r1_8b,aqua,hardware,cpu_usage_avg_percent,37.3313,5.1218,39.0393,6.4121,SCoT
deepseek-r1_8b,aqua,hardware,ram_usage_avg_mb,14029.4849,1048.486,13929.2151,1042.3486,MGCoT
deepseek-r1_8b,aqua,hardware,ram_usage_avg_percent,86.483,6.4632,85.8649,6.4266,MGCoT
deepseek-r1_8b,aqua,hardware,gpu_usage_avg_percent,11.7679,0.279,12.1608,0.3377,SCoT
deepseek-r1_8b,aqua,hardware,gpu_memory_avg_mb,3894.5322,1.4386,3894.6905,0.3971,SCoT
deepseek-r1_8b,aqua,performance,rouge1_f1,0.0,0.0,0.0,0.0,tie
deepseek-r1_8b,aqua,performance,rouge2_f1,0.0,0.0,0.0,0.0,tie
deepseek-r1_8b,aqua,performance,rougeL_f1,0.0,0.0,0.0,0.0,tie
deepseek-r1_8b,aqua,performance,bleu,0.0,0.0,0.0,0.0,tie
deepseek-r1_8b,aqua,performance,exact_match,0.0,0.0,0.0,0.0,tie
deepseek-r1_8b,aqua,performance,token_precision,0.0,0.0,0.0,0.0,tie
deepseek-r1_8b,aqua,performance,token_recall,0.0,0.0,0.0,0.0,tie
deepseek-r1_8b,aqua,performance,token_f1,0.0,0.0,0.0,0.0,tie
deepseek-r1_8b,aqua,performance,token_overlap_count,0.0,0.0,0.0,0.0,tie
deepseek-r1_8b,aqua,performance,normalized_edit_distance,0.0,0.0,0.0,0.0,tie
deepseek-r1_8b,aqua,performance,char_f1,0.0,0.0,0.0,0.0,tie
deepseek-r1_8b,aqua,performance,bert_score_f1,0.0,0.0,0.0,0.0,tie
deepseek-r1_8b,aqua,performance,semantic_similarity,0.0,0.0,0.0,0.0,tie
deepseek-r1_8b,asdiv,hardware,delta_time_seconds,153.2237,0.1405,153.1226,9.3081,MGCoT
deepseek-r1_8b,asdiv,hardware,cpu_usage_avg_percent,26.7161,0.4047,28.028,0.4765,SCoT
deepseek-r1_8b,asdiv,hardware,ram_usage_avg_mb,13306.7591,763.0212,13219.5639,758.0007,MGCoT
deepseek-r1_8b,asdiv,hardware,ram_usage_avg_percent,82.0284,4.7028,81.4904,4.6726,MGCoT
deepseek-r1_8b,asdiv,hardware,gpu_usage_avg_percent,11.7025,0.1402,11.8441,0.1837,SCoT
deepseek-r1_8b,asdiv,hardware,gpu_memory_avg_mb,3908.5256,0.7709,3908.6056,0.5481,SCoT
deepseek-r1_8b,asdiv,performance,rouge1_f1,0.0,0.0,0.003,0.0166,MGCoT
deepseek-r1_8b,asdiv,performance,rouge2_f1,0.0,0.0,0.0,0.0,tie
deepseek-r1_8b,asdiv,performance,rougeL_f1,0.0,0.0,0.003,0.0166,MGCoT
deepseek-r1_8b,asdiv,performance,bleu,0.0,0.0,0.0,0.0,MGCoT
deepseek-r1_8b,asdiv,performance,exact_match,0.0,0.0,0.0,0.0,tie
deepseek-r1_8b,asdiv,performance,token_precision,0.0,0.0,0.0019,0.0101,MGCoT
deepseek-r1_8b,asdiv,performance,token_recall,0.0,0.0,0.04,0.1979,MGCoT
deepseek-r1_8b,asdiv,performance,token_f1,0.0,0.0,0.0036,0.019,MGCoT
deepseek-r1_8b,asdiv,performance,token_overlap_count,0.0,0.0,0.04,0.1979,MGCoT
deepseek-r1_8b,asdiv,performance,normalized_edit_distance,0.0,0.0,0.0009,0.0046,SCoT
deepseek-r1_8b,asdiv,performance,char_f1,0.0,0.0,0.005,0.0204,MGCoT
deepseek-r1_8b,asdiv,performance,bert_score_f1,0.1298,0.3005,0.0653,0.2236,SCoT
deepseek-r1_8b,asdiv,performance,semantic_similarity,0.0358,0.0847,0.0201,0.0707,SCoT
deepseek-r1_8b,clutrr,hardware,delta_time_seconds,153.6521,0.2532,154.117,6.1657,SCoT
deepseek-r1_8b,clutrr,hardware,cpu_usage_avg_percent,26.7542,0.4127,28.1585,1.0182,SCoT
deepseek-r1_8b,clutrr,hardware,ram_usage_avg_mb,13878.8313,491.3657,13815.004,552.3556,MGCoT
deepseek-r1_8b,clutrr,hardware,ram_usage_avg_percent,85.5545,3.0297,85.1618,3.4051,MGCoT
deepseek-r1_8b,clutrr,hardware,gpu_usage_avg_percent,11.6888,0.0987,11.8953,0.1203,SCoT
deepseek-r1_8b,clutrr,hardware,gpu_memory_avg_mb,3908.7658,0.0013,3908.7656,0.0,MGCoT
deepseek-r1_8b,clutrr,performance,rouge1_f1,0.0,0.0,0.0214,0.0651,MGCoT
deepseek-r1_8b,clutrr,performance,rouge2_f1,0.0,0.0,0.0,0.0,tie
deepseek-r1_8b,clutrr,performance,rougeL_f1,0.0,0.0,0.0214,0.0651,MGCoT
deepseek-r1_8b,clutrr,performance,bleu,0.0,0.0,0.0,0.0,MGCoT
deepseek-r1_8b,clutrr,performance,exact_match,0.0,0.0,0.0,0.0,tie
deepseek-r1_8b,clutrr,performance,token_precision,0.0,0.0,0.0141,0.0432,MGCoT
deepseek-r1_8b,clutrr,performance,token_recall,0.0,0.0,0.0333,0.101,MGCoT
deepseek-r1_8b,clutrr,performance,token_f1,0.0,0.0,0.0198,0.0602,MGCoT
deepseek-r1_8b,clutrr,performance,token_overlap_count,0.0,0.0,0.1,0.303,MGCoT
deepseek-r1_8b,clutrr,performance,normalized_edit_distance,0.0,0.0,0.0288,0.089,SCoT
deepseek-r1_8b,clutrr,performance,char_f1,0.0,0.0,0.0696,0.2111,MGCoT
deepseek-r1_8b,clutrr,performance,bert_score_f1,0.0,0.0,0.0851,0.2578,MGCoT
deepseek-r1_8b,clutrr,performance,semantic_similarity,0.0,0.0,0.0297,0.0912,MGCoT
deepseek-r1_8b,date,hardware,delta_time_seconds,152.6317,0.6957,153.5591,6.6044,SCoT
deepseek-r1_8b,date,hardware,cpu_usage_avg_percent,26.7928,0.6771,28.063,0.6566,SCoT
deepseek-r1_8b,date,hardware,ram_usage_avg_mb,13955.2674,174.5729,13891.6943,207.3038,MGCoT
deepseek-r1_8b,date,hardware,ram_usage_avg_percent,86.0251,1.0767,85.6341,1.2782,MGCoT
deepseek-r1_8b,date,hardware,gpu_usage_avg_percent,11.2822,0.177,11.7809,0.2379,SCoT
deepseek-r1_8b,date,hardware,gpu_memory_avg_mb,3908.7656,0.0,3908.7661,0.0033,SCoT
deepseek-r1_8b,date,performance,rouge1_f1,0.0,0.0,0.08,0.274,MGCoT
deepseek-r1_8b,date,performance,rouge2_f1,0.0,0.0,0.08,0.274,MGCoT
deepseek-r1_8b,date,performance,rougeL_f1,0.0,0.0,0.08,0.274,MGCoT
deepseek-r1_8b,date,performance,bleu,0.0,0.0,0.0,0.0,MGCoT
deepseek-r1_8b,date,performance,exact_match,0.0,0.0,0.0,0.0,tie
deepseek-r1_8b,date,performance,token_precision,0.0,0.0,0.08,0.274,MGCoT
deepseek-r1_8b,date,performance,token_recall,0.0,0.0,0.04,0.137,MGCoT
deepseek-r1_8b,date,performance,token_f1,0.0,0.0,0.0533,0.1827,MGCoT
deepseek-r1_8b,date,performance,token_overlap_count,0.0,0.0,0.08,0.274,MGCoT
deepseek-r1_8b,date,performance,normalized_edit_distance,0.0,0.0,0.0533,0.1827,SCoT
deepseek-r1_8b,date,performance,char_f1,0.0,0.0,0.0667,0.2284,MGCoT
deepseek-r1_8b,date,performance,bert_score_f1,0.0,0.0,0.0769,0.2636,MGCoT
deepseek-r1_8b,date,performance,semantic_similarity,0.0,0.0,0.0679,0.233,MGCoT
deepseek-r1_8b,gsm8k,hardware,delta_time_seconds,153.7598,0.3276,155.8588,0.3872,SCoT
deepseek-r1_8b,gsm8k,hardware,cpu_usage_avg_percent,26.9215,1.1855,28.554,2.5722,SCoT
deepseek-r1_8b,gsm8k,hardware,ram_usage_avg_mb,14878.278,459.1991,14787.1678,444.1712,MGCoT
deepseek-r1_8b,gsm8k,hardware,ram_usage_avg_percent,91.7164,2.8307,91.1545,2.7381,MGCoT
deepseek-r1_8b,gsm8k,hardware,gpu_usage_avg_percent,11.7222,0.1092,11.8774,0.1608,SCoT
deepseek-r1_8b,gsm8k,hardware,gpu_memory_avg_mb,3908.7656,0.0,3908.7656,0.0,tie
deepseek-r1_8b,gsm8k,performance,rouge1_f1,0.0,0.0,0.0,0.0,tie
deepseek-r1_8b,gsm8k,performance,rouge2_f1,0.0,0.0,0.0,0.0,tie
deepseek-r1_8b,gsm8k,performance,rougeL_f1,0.0,0.0,0.0,0.0,tie
deepseek-r1_8b,gsm8k,performance,bleu,0.0,0.0,0.0,0.0,tie
deepseek-r1_8b,gsm8k,performance,exact_match,0.0,0.0,0.0,0.0,tie
deepseek-r1_8b,gsm8k,performance,token_precision,0.0,0.0,0.0,0.0,tie
deepseek-r1_8b,gsm8k,performance,token_recall,0.0,0.0,0.0,0.0,tie
deepseek-r1_8b,gsm8k,performance,token_f1,0.0,0.0,0.0,0.0,tie
deepseek-r1_8b,gsm8k,performance,token_overlap_count,0.0,0.0,0.0,0.0,tie
deepseek-r1_8b,gsm8k,performance,normalized_edit_distance,0.0,0.0,0.0,0.0,tie
deepseek-r1_8b,gsm8k,performance,char_f1,0.0,0.0,0.0,0.0,tie
deepseek-r1_8b,gsm8k,performance,bert_score_f1,0.0,0.0,0.0,0.0,tie
deepseek-r1_8b,gsm8k,performance,semantic_similarity,0.0,0.0,0.0,0.0,tie
deepseek-r1_8b,saycan,hardware,delta_time_seconds,152.995,0.1317,154.9913,0.6699,SCoT
deepseek-r1_8b,saycan,hardware,cpu_usage_avg_percent,26.6721,0.477,27.9787,0.648,SCoT
deepseek-r1_8b,saycan,hardware,ram_usage_avg_mb,13225.0707,624.2244,13151.2522,605.4114,MGCoT
deepseek-r1_8b,saycan,hardware,ram_usage_avg_percent,81.5262,3.8479,81.0691,3.7313,MGCoT
deepseek-r1_8b,saycan,hardware,gpu_usage_avg_percent,11.684,0.1218,11.8546,0.1634,SCoT
deepseek-r1_8b,saycan,hardware,gpu_memory_avg_mb,2720.7656,0.0,2720.7656,0.0,tie
deepseek-r1_8b,saycan,performance,rouge1_f1,0.0,0.0,0.0,0.0,tie
deepseek-r1_8b,saycan,performance,rouge2_f1,0.0,0.0,0.0,0.0,tie
deepseek-r1_8b,saycan,performance,rougeL_f1,0.0,0.0,0.0,0.0,tie
deepseek-r1_8b,saycan,performance,bleu,0.0,0.0,0.0,0.0,tie
deepseek-r1_8b,saycan,performance,exact_match,0.0,0.0,0.0,0.0,tie
deepseek-r1_8b,saycan,performance,token_precision,0.0,0.0,0.0,0.0,tie
deepseek-r1_8b,saycan,performance,token_recall,0.0,0.0,0.0,0.0,tie
deepseek-r1_8b,saycan,performance,token_f1,0.0,0.0,0.0,0.0,tie
deepseek-r1_8b,saycan,performance,token_overlap_count,0.0,0.0,0.0,0.0,tie
deepseek-r1_8b,saycan,performance,normalized_edit_distance,0.0,0.0,0.0,0.0,tie
deepseek-r1_8b,saycan,performance,char_f1,0.0,0.0,0.0,0.0,tie
deepseek-r1_8b,saycan,performance,bert_score_f1,0.0,0.0,0.0,0.0,tie
deepseek-r1_8b,saycan,performance,semantic_similarity,0.0,0.0,0.0,0.0,tie
gemma2_2b,MultiArith,hardware,delta_time_seconds,96.3906,14.2246,55.0746,40.5372,MGCoT
gemma2_2b,MultiArith,hardware,cpu_usage_avg_percent,4.384,0.3012,4.3793,0.4508,MGCoT
gemma2_2b,MultiArith,hardware,ram_usage_avg_mb,12795.0789,150.1887,12748.9962,154.8538,MGCoT
gemma2_2b,MultiArith,hardware,ram_usage_avg_percent,78.8747,0.9266,78.5915,0.9516,MGCoT
gemma2_2b,MultiArith,hardware,gpu_usage_avg_percent,4.0241,0.1785,6.2379,1.3938,SCoT
gemma2_2b,MultiArith,hardware,gpu_memory_avg_mb,3728.7662,0.0043,3728.7656,0.0,MGCoT
gemma2_2b,MultiArith,performance,rouge1_f1,0.0183,0.0041,0.0453,0.028,MGCoT
gemma2_2b,MultiArith,performance,rouge2_f1,0.0,0.0,0.0,0.0,tie
gemma2_2b,MultiArith,performance,rougeL_f1,0.0183,0.0041,0.0453,0.028,MGCoT
gemma2_2b,MultiArith,performance,bleu,0.0,0.0,0.0,0.0,MGCoT
gemma2_2b,MultiArith,performance,exact_match,0.0,0.0,0.0,0.0,tie
gemma2_2b,MultiArith,performance,token_precision,0.0167,0.0031,0.0274,0.0144,MGCoT
gemma2_2b,MultiArith,performance,token_recall,0.49,0.0707,0.45,0.1515,SCoT
gemma2_2b,MultiArith,performance,token_f1,0.0324,0.0059,0.0513,0.0262,MGCoT
gemma2_2b,MultiArith,performance,token_overlap_count,0.98,0.1414,0.9,0.303,SCoT
gemma2_2b,MultiArith,performance,normalized_edit_distance,0.0044,0.0011,0.0121,0.0071,SCoT
gemma2_2b,MultiArith,performance,char_f1,0.1148,0.0212,0.1299,0.0315,MGCoT
gemma2_2b,MultiArith,performance,bert_score_f1,0.7518,0.0071,0.778,0.0142,MGCoT
gemma2_2b,MultiArith,performance,semantic_similarity,0.1611,0.0502,0.1482,0.0533,SCoT
gemma2_2b,QASports,hardware,delta_time_seconds,135.9089,22.4557,31.0259,37.7964,MGCoT
gemma2_2b,QASports,hardware,cpu_usage_avg_percent,4.6026,1.1215,4.6845,1.4178,SCoT
gemma2_2b,QASports,hardware,ram_usage_avg_mb,13741.2174,360.4618,13702.9043,360.9106,MGCoT
gemma2_2b,QASports,hardware,ram_usage_avg_percent,84.7057,2.2218,84.4759,2.2209,MGCoT
gemma2_2b,QASports,hardware,gpu_usage_avg_percent,3.7107,0.1827,12.1521,5.3776,SCoT
gemma2_2b,QASports,hardware,gpu_memory_avg_mb,3728.7656,0.0,3728.7656,0.0,tie
gemma2_2b,QASports,performance,rouge1_f1,0.0072,0.0063,0.0003,0.0024,SCoT
gemma2_2b,QASports,performance,rouge2_f1,0.0,0.0,0.0,0.0,tie
gemma2_2b,QASports,performance,rougeL_f1,0.0072,0.0063,0.0003,0.0024,SCoT
gemma2_2b,QASports,performance,bleu,0.0,0.0,0.0,0.0,tie
gemma2_2b,QASports,performance,exact_match,0.0,0.0,0.0,0.0,tie
gemma2_2b,QASports,performance,token_precision,0.0044,0.0062,0.0,0.0,SCoT
gemma2_2b,QASports,performance,token_recall,0.36,0.4849,0.0,0.0,SCoT
gemma2_2b,QASports,performance,token_f1,0.0088,0.0122,0.0,0.0,SCoT
gemma2_2b,QASports,performance,token_overlap_count,0.36,0.4849,0.0,0.0,SCoT
gemma2_2b,QASports,performance,normalized_edit_distance,0.0006,0.0005,0.0001,0.0004,MGCoT
gemma2_2b,QASports,performance,char_f1,0.0298,0.0246,0.0041,0.0142,SCoT
gemma2_2b,QASports,performance,bert_score_f1,0.751,0.0157,0.7909,0.0213,MGCoT
gemma2_2b,QASports,performance,semantic_similarity,0.1023,0.0368,0.0773,0.0473,SCoT
gemma2_2b,SVAMP,hardware,delta_time_seconds,110.7307,23.5188,64.9647,36.6838,MGCoT
gemma2_2b,SVAMP,hardware,cpu_usage_avg_percent,4.2505,0.3769,4.506,1.0417,SCoT
gemma2_2b,SVAMP,hardware,ram_usage_avg_mb,13271.2864,250.3798,13217.6199,290.4795,MGCoT
gemma2_2b,SVAMP,hardware,ram_usage_avg_percent,81.8112,1.5437,81.4791,1.7918,MGCoT
gemma2_2b,SVAMP,hardware,gpu_usage_avg_percent,3.9251,0.1879,5.9854,2.4716,SCoT
gemma2_2b,SVAMP,hardware,gpu_memory_avg_mb,3728.7656,0.0,3728.7656,0.0,tie
gemma2_2b,SVAMP,performance,rouge1_f1,0.0126,0.0077,0.0245,0.0316,MGCoT
gemma2_2b,SVAMP,performance,rouge2_f1,0.0,0.0,0.0,0.0,tie
gemma2_2b,SVAMP,performance,rougeL_f1,0.0126,0.0077,0.0245,0.0316,MGCoT
gemma2_2b,SVAMP,performance,bleu,0.0,0.0,0.0,0.0,SCoT
gemma2_2b,SVAMP,performance,exact_match,0.0,0.0,0.0,0.0,tie
gemma2_2b,SVAMP,performance,token_precision,0.0129,0.0082,0.0145,0.0171,MGCoT
gemma2_2b,SVAMP,performance,token_recall,0.36,0.2268,0.25,0.2525,SCoT
gemma2_2b,SVAMP,performance,token_f1,0.0248,0.0159,0.0271,0.0315,MGCoT
gemma2_2b,SVAMP,performance,token_overlap_count,0.72,0.4536,0.5,0.5051,SCoT
gemma2_2b,SVAMP,performance,normalized_edit_distance,0.0039,0.0015,0.0102,0.0113,SCoT
gemma2_2b,SVAMP,performance,char_f1,0.117,0.0312,0.1262,0.0452,MGCoT
gemma2_2b,SVAMP,performance,bert_score_f1,0.7498,0.0094,0.7706,0.0139,MGCoT
gemma2_2b,SVAMP,performance,semantic_similarity,0.1264,0.0532,0.1177,0.0665,SCoT
gemma2_2b,StrategyQA,hardware,delta_time_seconds,146.765,11.2371,109.6726,42.245,MGCoT
gemma2_2b,StrategyQA,hardware,cpu_usage_avg_percent,4.6979,1.8555,4.8293,2.3474,SCoT
gemma2_2b,StrategyQA,hardware,ram_usage_avg_mb,12861.4887,853.0334,12782.264,883.1321,MGCoT
gemma2_2b,StrategyQA,hardware,ram_usage_avg_percent,79.2827,5.2614,78.7952,5.4448,MGCoT
gemma2_2b,StrategyQA,hardware,gpu_usage_avg_percent,3.656,0.0874,4.6082,0.7235,SCoT
gemma2_2b,StrategyQA,hardware,gpu_memory_avg_mb,3728.7656,0.0,3728.7656,0.0,tie
gemma2_2b,StrategyQA,performance,rouge1_f1,0.0003,0.0018,0.0003,0.0023,MGCoT
gemma2_2b,StrategyQA,performance,rouge2_f1,0.0,0.0,0.0,0.0,tie
gemma2_2b,StrategyQA,performance,rougeL_f1,0.0003,0.0018,0.0003,0.0023,MGCoT
gemma2_2b,StrategyQA,performance,bleu,0.0,0.0,0.0,0.0,tie
gemma2_2b,StrategyQA,performance,exact_match,0.0,0.0,0.0,0.0,tie
gemma2_2b,StrategyQA,performance,token_precision,0.0003,0.0018,0.0003,0.0022,MGCoT
gemma2_2b,StrategyQA,performance,token_recall,0.02,0.1414,0.02,0.1414,tie
gemma2_2b,StrategyQA,performance,token_f1,0.0005,0.0036,0.0006,0.0044,MGCoT
gemma2_2b,StrategyQA,performance,token_overlap_count,0.02,0.1414,0.02,0.1414,tie
gemma2_2b,StrategyQA,performance,normalized_edit_distance,0.0037,0.0007,0.0053,0.0027,SCoT
gemma2_2b,StrategyQA,performance,char_f1,0.2087,0.0223,0.2343,0.0328,MGCoT
gemma2_2b,StrategyQA,performance,bert_score_f1,0.756,0.0064,0.7756,0.0123,MGCoT
gemma2_2b,StrategyQA,performance,semantic_similarity,0.0304,0.0595,0.0237,0.0591,SCoT
gemma2_2b,aqua,hardware,delta_time_seconds,143.8282,17.5576,130.8547,31.1811,MGCoT
gemma2_2b,aqua,hardware,cpu_usage_avg_percent,10.6595,2.2703,10.9985,2.2916,SCoT
gemma2_2b,aqua,hardware,ram_usage_avg_mb,13434.2679,525.0567,13341.5594,441.8279,MGCoT
gemma2_2b,aqua,hardware,ram_usage_avg_percent,82.8136,3.2361,82.2428,2.7236,MGCoT
gemma2_2b,aqua,hardware,gpu_usage_avg_percent,3.8153,0.1473,4.2721,0.4687,SCoT
gemma2_2b,aqua,hardware,gpu_memory_avg_mb,3488.5258,154.6669,3510.1256,2.0777,SCoT
gemma2_2b,aqua,performance,rouge1_f1,0.0065,0.0072,0.0082,0.0115,MGCoT
gemma2_2b,aqua,performance,rouge2_f1,0.0,0.0,0.0,0.0,tie
gemma2_2b,aqua,performance,rougeL_f1,0.0065,0.0072,0.0082,0.0115,MGCoT
gemma2_2b,aqua,performance,bleu,0.0,0.0,0.0,0.0,SCoT
gemma2_2b,aqua,performance,exact_match,0.0,0.0,0.0,0.0,tie
gemma2_2b,aqua,performance,token_precision,0.0067,0.0072,0.007,0.0089,MGCoT
gemma2_2b,aqua,performance,token_recall,0.48,0.5047,0.42,0.4986,SCoT
gemma2_2b,aqua,performance,token_f1,0.0133,0.0142,0.0138,0.0174,MGCoT
gemma2_2b,aqua,performance,token_overlap_count,0.48,0.5047,0.42,0.4986,SCoT
gemma2_2b,aqua,performance,normalized_edit_distance,0.0008,0.0006,0.0009,0.001,SCoT
gemma2_2b,aqua,performance,char_f1,0.0456,0.0024,0.0477,0.0081,MGCoT
gemma2_2b,aqua,performance,bert_score_f1,0.7547,0.0104,0.7593,0.0118,MGCoT
gemma2_2b,aqua,performance,semantic_similarity,0.1133,0.0577,0.1105,0.0555,SCoT
gemma2_2b,asdiv,hardware,delta_time_seconds,80.6927,16.7999,50.49,45.2464,MGCoT
gemma2_2b,asdiv,hardware,cpu_usage_avg_percent,6.1761,3.6011,6.5098,5.0247,SCoT
gemma2_2b,asdiv,hardware,ram_usage_avg_mb,9808.8851,1505.0768,9752.4868,1530.6051,MGCoT
gemma2_2b,asdiv,hardware,ram_usage_avg_percent,60.4677,9.2764,60.1174,9.4356,MGCoT
gemma2_2b,asdiv,hardware,gpu_usage_avg_percent,4.1763,0.2053,8.6415,5.5197,SCoT
gemma2_2b,asdiv,hardware,gpu_memory_avg_mb,3722.6863,28.8501,3726.7656,0.0,SCoT
gemma2_2b,asdiv,performance,rouge1_f1,0.0213,0.0071,0.061,0.0735,MGCoT
gemma2_2b,asdiv,performance,rouge2_f1,0.0,0.0,0.0,0.0,tie
gemma2_2b,asdiv,performance,rougeL_f1,0.0213,0.0071,0.061,0.0735,MGCoT
gemma2_2b,asdiv,performance,bleu,0.0,0.0,0.0,0.0,SCoT
gemma2_2b,asdiv,performance,exact_match,0.0,0.0,0.0,0.0,tie
gemma2_2b,asdiv,performance,token_precision,0.0188,0.0074,0.032,0.0312,MGCoT
gemma2_2b,asdiv,performance,token_recall,0.88,0.3283,0.76,0.4314,SCoT
gemma2_2b,asdiv,performance,token_f1,0.0369,0.0144,0.0604,0.0565,MGCoT
gemma2_2b,asdiv,performance,token_overlap_count,0.88,0.3283,0.76,0.4314,SCoT
gemma2_2b,asdiv,performance,normalized_edit_distance,0.003,0.0013,0.0103,0.0133,SCoT
gemma2_2b,asdiv,performance,char_f1,0.0692,0.0278,0.0817,0.049,MGCoT
gemma2_2b,asdiv,performance,bert_score_f1,0.7722,0.0087,0.7956,0.0181,MGCoT
gemma2_2b,asdiv,performance,semantic_similarity,0.2603,0.0701,0.2757,0.0896,MGCoT
gemma2_2b,clutrr,hardware,delta_time_seconds,94.6067,19.021,12.7685,12.0435,MGCoT
gemma2_2b,clutrr,hardware,cpu_usage_avg_percent,4.305,0.3481,4.8403,1.0524,SCoT
gemma2_2b,clutrr,hardware,ram_usage_avg_mb,9465.718,148.7962,9431.4681,147.2438,MGCoT
gemma2_2b,clutrr,hardware,ram_usage_avg_percent,58.349,0.9207,58.1394,0.9043,MGCoT
gemma2_2b,clutrr,hardware,gpu_usage_avg_percent,4.0514,0.2028,18.4547,5.8239,SCoT
gemma2_2b,clutrr,hardware,gpu_memory_avg_mb,3726.7656,0.0,3726.7656,0.0,tie
gemma2_2b,clutrr,performance,rouge1_f1,0.0345,0.0169,0.191,0.0874,MGCoT
gemma2_2b,clutrr,performance,rouge2_f1,0.0,0.0,0.0033,0.0236,MGCoT
gemma2_2b,clutrr,performance,rougeL_f1,0.0329,0.0158,0.1881,0.0816,MGCoT
gemma2_2b,clutrr,performance,bleu,0.0,0.0,0.0,0.0,SCoT
gemma2_2b,clutrr,performance,exact_match,0.0,0.0,0.0,0.0,tie
gemma2_2b,clutrr,performance,token_precision,0.0168,0.0112,0.0628,0.0661,MGCoT
gemma2_2b,clutrr,performance,token_recall,0.3267,0.2075,0.1667,0.1684,SCoT
gemma2_2b,clutrr,performance,token_f1,0.0319,0.0212,0.0904,0.0936,MGCoT
gemma2_2b,clutrr,performance,token_overlap_count,0.98,0.6224,0.5,0.5051,SCoT
gemma2_2b,clutrr,performance,normalized_edit_distance,0.0384,0.0085,0.2095,0.0961,SCoT
gemma2_2b,clutrr,performance,char_f1,0.5046,0.0282,0.6196,0.0588,MGCoT
gemma2_2b,clutrr,performance,bert_score_f1,0.7981,0.007,0.8352,0.0137,MGCoT
gemma2_2b,clutrr,performance,semantic_similarity,0.3281,0.0559,0.3817,0.0515,MGCoT
gemma2_2b,date,hardware,delta_time_seconds,105.2721,12.7063,20.6027,21.3174,MGCoT
gemma2_2b,date,hardware,cpu_usage_avg_percent,4.2372,0.2256,4.5265,0.4352,SCoT
gemma2_2b,date,hardware,ram_usage_avg_mb,9876.3914,66.7282,9840.3236,75.7854,MGCoT
gemma2_2b,date,hardware,ram_usage_avg_percent,60.8802,0.4132,60.659,0.4667,MGCoT
gemma2_2b,date,hardware,gpu_usage_avg_percent,3.9076,0.1361,13.8435,5.436,SCoT
gemma2_2b,date,hardware,gpu_memory_avg_mb,3726.7656,0.0,3726.7656,0.0,tie
gemma2_2b,date,performance,rouge1_f1,0.0469,0.0187,0.3169,0.1992,MGCoT
gemma2_2b,date,performance,rouge2_f1,0.0186,0.0206,0.1188,0.1987,MGCoT
gemma2_2b,date,performance,rougeL_f1,0.0458,0.0186,0.3169,0.1992,MGCoT
gemma2_2b,date,performance,bleu,0.0,0.0,0.0,0.0,MGCoT
gemma2_2b,date,performance,exact_match,0.0,0.0,0.0,0.0,tie
gemma2_2b,date,performance,token_precision,0.0088,0.0105,0.0238,0.0621,MGCoT
gemma2_2b,date,performance,token_recall,0.21,0.2493,0.08,0.1852,SCoT
gemma2_2b,date,performance,token_f1,0.0169,0.0202,0.0352,0.0884,MGCoT
gemma2_2b,date,performance,token_overlap_count,0.42,0.4986,0.16,0.3703,SCoT
gemma2_2b,date,performance,normalized_edit_distance,0.019,0.0042,0.2242,0.1293,SCoT
gemma2_2b,date,performance,char_f1,0.2747,0.0368,0.433,0.1637,MGCoT
gemma2_2b,date,performance,bert_score_f1,0.7783,0.0128,0.8619,0.0462,MGCoT
gemma2_2b,date,performance,semantic_similarity,0.3048,0.0889,0.5856,0.1384,MGCoT
gemma2_2b,gsm8k,hardware,delta_time_seconds,138.8991,20.1063,91.2859,34.1836,MGCoT
gemma2_2b,gsm8k,hardware,cpu_usage_avg_percent,4.3249,0.2324,4.3859,0.542,SCoT
gemma2_2b,gsm8k,hardware,ram_usage_avg_mb,11258.5823,730.6331,11213.2895,730.2735,MGCoT
gemma2_2b,gsm8k,hardware,ram_usage_avg_percent,69.4027,4.5027,69.1213,4.5003,MGCoT
gemma2_2b,gsm8k,hardware,gpu_usage_avg_percent,3.7767,0.1428,4.7891,0.796,SCoT
gemma2_2b,gsm8k,hardware,gpu_memory_avg_mb,3728.5656,0.6061,3728.6056,0.5481,SCoT
gemma2_2b,gsm8k,performance,rouge1_f1,0.3449,0.0763,0.4419,0.111,MGCoT
gemma2_2b,gsm8k,performance,rouge2_f1,0.1303,0.0679,0.1879,0.099,MGCoT
gemma2_2b,gsm8k,performance,rougeL_f1,0.2313,0.055,0.3211,0.094,MGCoT
gemma2_2b,gsm8k,performance,bleu,0.0257,0.0358,0.0403,0.0541,MGCoT
gemma2_2b,gsm8k,performance,exact_match,0.0,0.0,0.0,0.0,tie
gemma2_2b,gsm8k,performance,token_precision,0.3063,0.0769,0.4087,0.132,MGCoT
gemma2_2b,gsm8k,performance,token_recall,0.5271,0.0952,0.513,0.114,SCoT
gemma2_2b,gsm8k,performance,token_f1,0.3807,0.0719,0.441,0.101,MGCoT
gemma2_2b,gsm8k,performance,token_overlap_count,20.24,5.3474,19.46,5.2185,SCoT
gemma2_2b,gsm8k,performance,normalized_edit_distance,0.1878,0.0509,0.2513,0.0636,SCoT
gemma2_2b,gsm8k,performance,char_f1,0.8162,0.0563,0.8442,0.0432,MGCoT
gemma2_2b,gsm8k,performance,bert_score_f1,0.8252,0.0125,0.8496,0.0222,MGCoT
gemma2_2b,gsm8k,performance,semantic_similarity,0.7628,0.0682,0.7969,0.1065,MGCoT
gemma2_2b,saycan,hardware,delta_time_seconds,131.9357,22.5517,36.7229,29.1462,MGCoT
gemma2_2b,saycan,hardware,cpu_usage_avg_percent,4.4529,0.5231,4.5099,0.5788,SCoT
gemma2_2b,saycan,hardware,ram_usage_avg_mb,13652.8006,388.5847,13602.9675,380.9512,MGCoT
gemma2_2b,saycan,hardware,ram_usage_avg_percent,84.1631,2.3963,83.8539,2.3492,MGCoT
gemma2_2b,saycan,hardware,gpu_usage_avg_percent,3.7276,0.1595,8.6081,3.7686,SCoT
gemma2_2b,saycan,hardware,gpu_memory_avg_mb,3728.7656,0.0,3728.7656,0.0,tie
gemma2_2b,saycan,performance,rouge1_f1,0.0729,0.0552,0.0422,0.0456,SCoT
gemma2_2b,saycan,performance,rouge2_f1,0.0067,0.0162,0.0067,0.0166,MGCoT
gemma2_2b,saycan,performance,rougeL_f1,0.0629,0.0401,0.0414,0.0445,SCoT
gemma2_2b,saycan,performance,bleu,0.0,0.0,0.0,0.0,tie
gemma2_2b,saycan,performance,exact_match,0.0,0.0,0.0,0.0,tie
gemma2_2b,saycan,performance,token_precision,0.0791,0.0328,0.1033,0.0935,MGCoT
gemma2_2b,saycan,performance,token_recall,0.2633,0.0788,0.1371,0.0752,SCoT
gemma2_2b,saycan,performance,token_f1,0.1189,0.0412,0.1092,0.07,SCoT
gemma2_2b,saycan,performance,token_overlap_count,6.14,2.0899,3.2,1.8406,SCoT
gemma2_2b,saycan,performance,normalized_edit_distance,0.119,0.0498,0.1494,0.0454,SCoT
gemma2_2b,saycan,performance,char_f1,0.6943,0.047,0.6161,0.0541,SCoT
gemma2_2b,saycan,performance,bert_score_f1,0.7691,0.0111,0.7784,0.0191,MGCoT
gemma2_2b,saycan,performance,semantic_similarity,0.4348,0.1164,0.3066,0.1306,SCoT
llama3.2_1b,MultiArith,hardware,delta_time_seconds,95.3529,20.0016,151.8955,0.0551,SCoT
llama3.2_1b,MultiArith,hardware,cpu_usage_avg_percent,4.1348,0.3647,4.0943,0.3422,MGCoT
llama3.2_1b,MultiArith,hardware,ram_usage_avg_mb,8729.7002,100.9933,8711.952,102.2916,MGCoT
llama3.2_1b,MultiArith,hardware,ram_usage_avg_percent,53.8169,0.6216,53.7027,0.6321,MGCoT
llama3.2_1b,MultiArith,hardware,gpu_usage_avg_percent,2.5763,0.1823,2.4207,0.0533,MGCoT
llama3.2_1b,MultiArith,hardware,gpu_memory_avg_mb,3120.7656,0.0,3120.7656,0.0,tie
llama3.2_1b,MultiArith,performance,rouge1_f1,0.0144,0.0066,0.0015,0.0041,SCoT
llama3.2_1b,MultiArith,performance,rouge2_f1,0.0,0.0,0.0,0.0,tie
llama3.2_1b,MultiArith,performance,rougeL_f1,0.0144,0.0066,0.0015,0.0041,SCoT
llama3.2_1b,MultiArith,performance,bleu,0.0,0.0,0.0,0.0,SCoT
llama3.2_1b,MultiArith,performance,exact_match,0.0,0.0,0.0,0.0,tie
llama3.2_1b,MultiArith,performance,token_precision,0.0146,0.0062,0.0008,0.0029,SCoT
llama3.2_1b,MultiArith,performance,token_recall,0.43,0.1753,0.04,0.137,SCoT
llama3.2_1b,MultiArith,performance,token_f1,0.0283,0.012,0.0016,0.0057,SCoT
llama3.2_1b,MultiArith,performance,token_overlap_count,0.86,0.3505,0.08,0.274,SCoT
llama3.2_1b,MultiArith,performance,normalized_edit_distance,0.0037,0.0011,0.0022,0.0008,MGCoT
llama3.2_1b,MultiArith,performance,char_f1,0.1123,0.0237,0.0981,0.0292,SCoT
llama3.2_1b,MultiArith,performance,bert_score_f1,0.7538,0.009,0.7403,0.0071,SCoT
llama3.2_1b,MultiArith,performance,semantic_similarity,0.161,0.0579,0.0992,0.0256,SCoT
llama3.2_1b,QASports,hardware,delta_time_seconds,130.5754,24.0581,45.716,57.28,MGCoT
llama3.2_1b,QASports,hardware,cpu_usage_avg_percent,4.1491,0.2017,4.3798,0.9475,SCoT
llama3.2_1b,QASports,hardware,ram_usage_avg_mb,8940.9843,48.9905,8941.542,56.8579,SCoT
llama3.2_1b,QASports,hardware,ram_usage_avg_percent,55.1164,0.3016,55.1171,0.3509,SCoT
llama3.2_1b,QASports,hardware,gpu_usage_avg_percent,2.2654,0.1439,7.1228,3.2175,SCoT
llama3.2_1b,QASports,hardware,gpu_memory_avg_mb,3120.7656,0.0,3120.7656,0.0,tie
llama3.2_1b,QASports,performance,rouge1_f1,0.0059,0.0054,0.0015,0.0058,SCoT
llama3.2_1b,QASports,performance,rouge2_f1,0.0,0.0,0.0,0.0,tie
llama3.2_1b,QASports,performance,rougeL_f1,0.0059,0.0054,0.0015,0.0058,SCoT
llama3.2_1b,QASports,performance,bleu,0.0,0.0,0.0,0.0,tie
llama3.2_1b,QASports,performance,exact_match,0.0,0.0,0.0,0.0,tie
llama3.2_1b,QASports,performance,token_precision,0.0029,0.005,0.0004,0.0021,SCoT
llama3.2_1b,QASports,performance,token_recall,0.26,0.4431,0.04,0.1979,SCoT
llama3.2_1b,QASports,performance,token_f1,0.0057,0.0099,0.0008,0.0041,SCoT
llama3.2_1b,QASports,performance,token_overlap_count,0.26,0.4431,0.04,0.1979,SCoT
llama3.2_1b,QASports,performance,normalized_edit_distance,0.0005,0.0005,0.0002,0.0006,MGCoT
llama3.2_1b,QASports,performance,char_f1,0.0304,0.0252,0.0111,0.0213,SCoT
llama3.2_1b,QASports,performance,bert_score_f1,0.7523,0.0137,0.7817,0.0178,MGCoT
llama3.2_1b,QASports,performance,semantic_similarity,0.0883,0.0542,0.0887,0.0599,MGCoT
llama3.2_1b,SVAMP,hardware,delta_time_seconds,111.6288,27.903,151.9035,0.0605,SCoT
llama3.2_1b,SVAMP,hardware,cpu_usage_avg_percent,4.1728,0.374,4.1083,0.2823,MGCoT
llama3.2_1b,SVAMP,hardware,ram_usage_avg_mb,9242.1843,154.6829,9221.4523,144.4884,MGCoT
llama3.2_1b,SVAMP,hardware,ram_usage_avg_percent,56.9734,0.9537,56.8439,0.8903,MGCoT
llama3.2_1b,SVAMP,hardware,gpu_usage_avg_percent,2.5053,0.211,2.4371,0.0599,MGCoT
llama3.2_1b,SVAMP,hardware,gpu_memory_avg_mb,3120.7656,0.0,3120.7656,0.0,tie
llama3.2_1b,SVAMP,performance,rouge1_f1,0.0114,0.0069,0.0035,0.0056,SCoT
llama3.2_1b,SVAMP,performance,rouge2_f1,0.0,0.0,0.0,0.0,tie
llama3.2_1b,SVAMP,performance,rougeL_f1,0.0114,0.0069,0.0035,0.0056,SCoT
llama3.2_1b,SVAMP,performance,bleu,0.0,0.0,0.0,0.0,SCoT
llama3.2_1b,SVAMP,performance,exact_match,0.0,0.0,0.0,0.0,tie
llama3.2_1b,SVAMP,performance,token_precision,0.0118,0.0083,0.0028,0.0048,SCoT
llama3.2_1b,SVAMP,performance,token_recall,0.35,0.2315,0.13,0.2215,SCoT
llama3.2_1b,SVAMP,performance,token_f1,0.0228,0.0159,0.0054,0.0094,SCoT
llama3.2_1b,SVAMP,performance,token_overlap_count,0.7,0.4629,0.26,0.4431,SCoT
llama3.2_1b,SVAMP,performance,normalized_edit_distance,0.0035,0.0017,0.0025,0.0008,MGCoT
llama3.2_1b,SVAMP,performance,char_f1,0.1135,0.0325,0.1107,0.0283,SCoT
llama3.2_1b,SVAMP,performance,bert_score_f1,0.7514,0.0076,0.7433,0.0079,SCoT
llama3.2_1b,SVAMP,performance,semantic_similarity,0.1286,0.056,0.0902,0.0271,SCoT
llama3.2_1b,StrategyQA,hardware,delta_time_seconds,148.3554,10.2305,116.2858,60.7308,MGCoT
llama3.2_1b,StrategyQA,hardware,cpu_usage_avg_percent,4.301,0.4739,4.2022,0.4443,MGCoT
llama3.2_1b,StrategyQA,hardware,ram_usage_avg_mb,9269.2197,149.0401,9250.1819,151.7636,MGCoT
llama3.2_1b,StrategyQA,hardware,ram_usage_avg_percent,57.1384,0.9187,57.0224,0.9348,MGCoT
llama3.2_1b,StrategyQA,hardware,gpu_usage_avg_percent,2.2556,0.0901,4.3463,3.9688,SCoT
llama3.2_1b,StrategyQA,hardware,gpu_memory_avg_mb,3120.7656,0.0,3120.7656,0.0,tie
llama3.2_1b,StrategyQA,performance,rouge1_f1,0.0003,0.002,0.0,0.0,SCoT
llama3.2_1b,StrategyQA,performance,rouge2_f1,0.0,0.0,0.0,0.0,tie
llama3.2_1b,StrategyQA,performance,rougeL_f1,0.0003,0.002,0.0,0.0,SCoT
llama3.2_1b,StrategyQA,performance,bleu,0.0,0.0,0.0,0.0,tie
llama3.2_1b,StrategyQA,performance,exact_match,0.0,0.0,0.0,0.0,tie
llama3.2_1b,StrategyQA,performance,token_precision,0.0003,0.0024,0.0,0.0,SCoT
llama3.2_1b,StrategyQA,performance,token_recall,0.02,0.1414,0.0,0.0,SCoT
llama3.2_1b,StrategyQA,performance,token_f1,0.0007,0.0048,0.0,0.0,SCoT
llama3.2_1b,StrategyQA,performance,token_overlap_count,0.02,0.1414,0.0,0.0,SCoT
llama3.2_1b,StrategyQA,performance,normalized_edit_distance,0.0031,0.0006,0.0119,0.0217,SCoT
llama3.2_1b,StrategyQA,performance,char_f1,0.2103,0.0234,0.2225,0.0637,MGCoT
llama3.2_1b,StrategyQA,performance,bert_score_f1,0.7651,0.0054,0.7671,0.0231,MGCoT
llama3.2_1b,StrategyQA,performance,semantic_similarity,0.019,0.0591,0.0707,0.0504,MGCoT
llama3.2_1b,aqua,hardware,delta_time_seconds,142.6751,16.1475,146.1395,25.2528,SCoT
llama3.2_1b,aqua,hardware,cpu_usage_avg_percent,4.1831,0.5062,4.1815,0.4182,MGCoT
llama3.2_1b,aqua,hardware,ram_usage_avg_mb,10180.731,332.5578,10171.3857,325.6752,MGCoT
llama3.2_1b,aqua,hardware,ram_usage_avg_percent,62.7588,2.0507,62.6999,2.0079,MGCoT
llama3.2_1b,aqua,hardware,gpu_usage_avg_percent,2.4041,0.1412,2.6523,0.8515,SCoT
llama3.2_1b,aqua,hardware,gpu_memory_avg_mb,3120.7256,0.2828,3120.7656,0.0,SCoT
llama3.2_1b,aqua,performance,rouge1_f1,0.0037,0.005,0.0042,0.0121,MGCoT
llama3.2_1b,aqua,performance,rouge2_f1,0.0,0.0,0.0,0.0,tie
llama3.2_1b,aqua,performance,rougeL_f1,0.0037,0.005,0.0042,0.0121,MGCoT
llama3.2_1b,aqua,performance,bleu,0.0,0.0,0.0,0.0,SCoT
llama3.2_1b,aqua,performance,exact_match,0.0,0.0,0.0,0.0,tie
llama3.2_1b,aqua,performance,token_precision,0.0037,0.0058,0.0033,0.0072,SCoT
llama3.2_1b,aqua,performance,token_recall,0.3,0.4629,0.24,0.4314,SCoT
llama3.2_1b,aqua,performance,token_f1,0.0073,0.0115,0.0066,0.0141,SCoT
llama3.2_1b,aqua,performance,token_overlap_count,0.3,0.4629,0.24,0.4314,SCoT
llama3.2_1b,aqua,performance,normalized_edit_distance,0.0006,0.0005,0.0006,0.0006,MGCoT
llama3.2_1b,aqua,performance,char_f1,0.0451,0.0029,0.0462,0.0056,MGCoT
llama3.2_1b,aqua,performance,bert_score_f1,0.7582,0.0101,0.752,0.0121,SCoT
llama3.2_1b,aqua,performance,semantic_similarity,0.1079,0.0601,0.0684,0.0309,SCoT
llama3.2_1b,asdiv,hardware,delta_time_seconds,84.6432,16.4321,151.8856,0.0584,SCoT
llama3.2_1b,asdiv,hardware,cpu_usage_avg_percent,4.2223,0.4655,4.1838,0.6024,MGCoT
llama3.2_1b,asdiv,hardware,ram_usage_avg_mb,10496.3844,513.7664,10453.5093,513.2231,MGCoT
llama3.2_1b,asdiv,hardware,ram_usage_avg_percent,64.7027,3.1659,64.4374,3.1637,MGCoT
llama3.2_1b,asdiv,hardware,gpu_usage_avg_percent,2.6507,0.1987,2.4298,0.0606,MGCoT
llama3.2_1b,asdiv,hardware,gpu_memory_avg_mb,3120.7657,0.0006,3120.7656,0.0,MGCoT
llama3.2_1b,asdiv,performance,rouge1_f1,0.0178,0.0043,0.0012,0.0037,SCoT
llama3.2_1b,asdiv,performance,rouge2_f1,0.0,0.0,0.0,0.0,tie
llama3.2_1b,asdiv,performance,rougeL_f1,0.0178,0.0043,0.0012,0.0037,SCoT
llama3.2_1b,asdiv,performance,bleu,0.0,0.0,0.0,0.0,SCoT
llama3.2_1b,asdiv,performance,exact_match,0.0,0.0,0.0,0.0,tie
llama3.2_1b,asdiv,performance,token_precision,0.0192,0.0041,0.0011,0.0033,SCoT
llama3.2_1b,asdiv,performance,token_recall,0.98,0.1414,0.1,0.303,SCoT
llama3.2_1b,asdiv,performance,token_f1,0.0377,0.008,0.0022,0.0066,SCoT
llama3.2_1b,asdiv,performance,token_overlap_count,0.98,0.1414,0.1,0.303,SCoT
llama3.2_1b,asdiv,performance,normalized_edit_distance,0.0025,0.0011,0.0011,0.0007,MGCoT
llama3.2_1b,asdiv,performance,char_f1,0.0704,0.0238,0.0514,0.0307,SCoT
llama3.2_1b,asdiv,performance,bert_score_f1,0.7705,0.0078,0.7618,0.0069,SCoT
llama3.2_1b,asdiv,performance,semantic_similarity,0.297,0.0583,0.1007,0.0496,SCoT
llama3.2_1b,clutrr,hardware,delta_time_seconds,87.6697,26.9115,146.438,27.1322,SCoT
llama3.2_1b,clutrr,hardware,cpu_usage_avg_percent,4.1049,0.2133,4.139,0.2538,SCoT
llama3.2_1b,clutrr,hardware,ram_usage_avg_mb,9758.9959,89.1944,9740.712,83.3254,MGCoT
llama3.2_1b,clutrr,hardware,ram_usage_avg_percent,60.1593,0.5495,60.0456,0.5152,MGCoT
llama3.2_1b,clutrr,hardware,gpu_usage_avg_percent,2.7311,0.2806,2.6908,1.1537,MGCoT
llama3.2_1b,clutrr,hardware,gpu_memory_avg_mb,3120.7656,0.0,3120.7656,0.0,tie
llama3.2_1b,clutrr,performance,rouge1_f1,0.0347,0.0162,0.0027,0.0051,SCoT
llama3.2_1b,clutrr,performance,rouge2_f1,0.0,0.0,0.0,0.0,tie
llama3.2_1b,clutrr,performance,rougeL_f1,0.0329,0.0156,0.0027,0.0051,SCoT
llama3.2_1b,clutrr,performance,bleu,0.0,0.0,0.0,0.0,SCoT
llama3.2_1b,clutrr,performance,exact_match,0.0,0.0,0.0,0.0,tie
llama3.2_1b,clutrr,performance,token_precision,0.0136,0.0097,0.0004,0.0018,SCoT
llama3.2_1b,clutrr,performance,token_recall,0.2333,0.1543,0.0133,0.066,SCoT
llama3.2_1b,clutrr,performance,token_f1,0.0255,0.0182,0.0007,0.0036,SCoT
llama3.2_1b,clutrr,performance,token_overlap_count,0.7,0.4629,0.04,0.1979,SCoT
llama3.2_1b,clutrr,performance,normalized_edit_distance,0.0383,0.0117,0.0266,0.019,MGCoT
llama3.2_1b,clutrr,performance,char_f1,0.5014,0.0228,0.4547,0.0387,SCoT
llama3.2_1b,clutrr,performance,bert_score_f1,0.8025,0.0095,0.7862,0.0101,SCoT
llama3.2_1b,clutrr,performance,semantic_similarity,0.3373,0.062,0.0919,0.0437,SCoT
llama3.2_1b,date,hardware,delta_time_seconds,98.8487,27.9706,148.4442,19.9821,SCoT
llama3.2_1b,date,hardware,cpu_usage_avg_percent,9.8331,4.8422,9.5946,3.8744,MGCoT
llama3.2_1b,date,hardware,ram_usage_avg_mb,13143.9787,683.2295,13081.4897,598.4797,MGCoT
llama3.2_1b,date,hardware,ram_usage_avg_percent,81.025,4.2126,80.6394,3.6895,MGCoT
llama3.2_1b,date,hardware,gpu_usage_avg_percent,2.5275,0.2451,2.5871,1.2992,SCoT
llama3.2_1b,date,hardware,gpu_memory_avg_mb,3120.7661,0.0032,3120.776,0.0733,SCoT
llama3.2_1b,date,performance,rouge1_f1,0.0343,0.0203,0.0052,0.0105,SCoT
llama3.2_1b,date,performance,rouge2_f1,0.0122,0.0172,0.0019,0.0061,SCoT
llama3.2_1b,date,performance,rougeL_f1,0.0325,0.018,0.0052,0.0105,SCoT
llama3.2_1b,date,performance,bleu,0.0,0.0,0.0,0.0,SCoT
llama3.2_1b,date,performance,exact_match,0.0,0.0,0.0,0.0,tie
llama3.2_1b,date,performance,token_precision,0.005,0.0096,0.0007,0.0027,SCoT
llama3.2_1b,date,performance,token_recall,0.11,0.2092,0.03,0.1199,SCoT
llama3.2_1b,date,performance,token_f1,0.0095,0.0183,0.0013,0.0052,SCoT
llama3.2_1b,date,performance,token_overlap_count,0.22,0.4185,0.06,0.2399,SCoT
llama3.2_1b,date,performance,normalized_edit_distance,0.0178,0.0056,0.007,0.002,MGCoT
llama3.2_1b,date,performance,char_f1,0.2616,0.0359,0.2255,0.0396,SCoT
llama3.2_1b,date,performance,bert_score_f1,0.7788,0.0149,0.7378,0.0219,SCoT
llama3.2_1b,date,performance,semantic_similarity,0.3027,0.0761,0.0999,0.072,SCoT
llama3.2_1b,gsm8k,hardware,delta_time_seconds,127.3588,22.9115,151.8466,0.1118,SCoT
llama3.2_1b,gsm8k,hardware,cpu_usage_avg_percent,7.6313,4.2649,7.7863,4.184,SCoT
llama3.2_1b,gsm8k,hardware,ram_usage_avg_mb,10660.5087,2689.1279,10571.22,2689.277,MGCoT
llama3.2_1b,gsm8k,hardware,ram_usage_avg_percent,65.7162,16.5762,65.166,16.5766,MGCoT
llama3.2_1b,gsm8k,hardware,gpu_usage_avg_percent,2.4272,0.1494,2.4726,0.0594,SCoT
llama3.2_1b,gsm8k,hardware,gpu_memory_avg_mb,3120.7657,0.0004,3120.7656,0.0,MGCoT
llama3.2_1b,gsm8k,performance,rouge1_f1,0.3449,0.1037,0.1209,0.0828,SCoT
llama3.2_1b,gsm8k,performance,rouge2_f1,0.1465,0.0823,0.02,0.0341,SCoT
llama3.2_1b,gsm8k,performance,rougeL_f1,0.2398,0.0752,0.0788,0.045,SCoT
llama3.2_1b,gsm8k,performance,bleu,0.0377,0.0459,0.0035,0.0122,SCoT
llama3.2_1b,gsm8k,performance,exact_match,0.0,0.0,0.0,0.0,tie
llama3.2_1b,gsm8k,performance,token_precision,0.3166,0.0926,0.1007,0.0566,SCoT
llama3.2_1b,gsm8k,performance,token_recall,0.5635,0.0918,0.2496,0.1047,SCoT
llama3.2_1b,gsm8k,performance,token_f1,0.3988,0.0883,0.1401,0.0701,SCoT
llama3.2_1b,gsm8k,performance,token_overlap_count,22.0,7.1571,10.02,5.7303,SCoT
llama3.2_1b,gsm8k,performance,normalized_edit_distance,0.1892,0.0609,0.1407,0.0468,MGCoT
llama3.2_1b,gsm8k,performance,char_f1,0.8162,0.0561,0.7622,0.0617,SCoT
llama3.2_1b,gsm8k,performance,bert_score_f1,0.8386,0.0158,0.7737,0.0143,SCoT
llama3.2_1b,gsm8k,performance,semantic_similarity,0.7844,0.0651,0.1531,0.1397,SCoT
llama3.2_1b,saycan,hardware,delta_time_seconds,124.5355,26.2434,103.0318,66.9153,MGCoT
llama3.2_1b,saycan,hardware,cpu_usage_avg_percent,4.3662,0.8156,4.5542,1.5006,SCoT
llama3.2_1b,saycan,hardware,ram_usage_avg_mb,9142.786,146.2552,9122.5203,148.4935,MGCoT
llama3.2_1b,saycan,hardware,ram_usage_avg_percent,56.3592,0.9021,56.2372,0.9188,MGCoT
llama3.2_1b,saycan,hardware,gpu_usage_avg_percent,2.3694,0.193,6.2881,6.9142,SCoT
llama3.2_1b,saycan,hardware,gpu_memory_avg_mb,3120.7656,0.0,3120.7656,0.0,tie
llama3.2_1b,saycan,performance,rouge1_f1,0.0676,0.0533,0.0291,0.0402,SCoT
llama3.2_1b,saycan,performance,rouge2_f1,0.0059,0.0129,0.0056,0.0154,SCoT
llama3.2_1b,saycan,performance,rougeL_f1,0.0589,0.0418,0.0268,0.0348,SCoT
llama3.2_1b,saycan,performance,bleu,0.0,0.0,0.0,0.0,tie
llama3.2_1b,saycan,performance,exact_match,0.0,0.0,0.0,0.0,tie
llama3.2_1b,saycan,performance,token_precision,0.0722,0.0332,0.0719,0.0478,SCoT
llama3.2_1b,saycan,performance,token_recall,0.2363,0.0907,0.1706,0.0857,SCoT
llama3.2_1b,saycan,performance,token_f1,0.1086,0.0455,0.0836,0.0372,SCoT
llama3.2_1b,saycan,performance,token_overlap_count,5.46,2.1305,4.0,2.1946,SCoT
llama3.2_1b,saycan,performance,normalized_edit_distance,0.119,0.0476,0.1274,0.0537,SCoT
llama3.2_1b,saycan,performance,char_f1,0.6957,0.0401,0.6634,0.086,SCoT
llama3.2_1b,saycan,performance,bert_score_f1,0.7815,0.013,0.7715,0.0186,SCoT
llama3.2_1b,saycan,performance,semantic_similarity,0.4296,0.1284,0.2412,0.1211,SCoT
mistral_7b,MultiArith,hardware,delta_time_seconds,96.1581,21.1747,114.6513,56.3829,SCoT
mistral_7b,MultiArith,hardware,cpu_usage_avg_percent,21.9693,0.6,22.8263,0.9416,SCoT
mistral_7b,MultiArith,hardware,ram_usage_avg_mb,13224.8886,157.5157,13150.2348,155.9795,MGCoT
mistral_7b,MultiArith,hardware,ram_usage_avg_percent,81.521,0.973,81.0625,0.962,MGCoT
mistral_7b,MultiArith,hardware,gpu_usage_avg_percent,11.0603,0.1453,11.9311,0.5621,SCoT
mistral_7b,MultiArith,hardware,gpu_memory_avg_mb,3905.8828,0.0,3905.8828,0.0,tie
mistral_7b,MultiArith,performance,rouge1_f1,0.0166,0.0076,0.0237,0.029,MGCoT
mistral_7b,MultiArith,performance,rouge2_f1,0.0,0.0,0.0,0.0,tie
mistral_7b,MultiArith,performance,rougeL_f1,0.0166,0.0076,0.0237,0.029,MGCoT
mistral_7b,MultiArith,performance,bleu,0.0,0.0,0.0,0.0,SCoT
mistral_7b,MultiArith,performance,exact_match,0.0,0.0,0.0,0.0,tie
mistral_7b,MultiArith,performance,token_precision,0.0155,0.0062,0.0139,0.0146,SCoT
mistral_7b,MultiArith,performance,token_recall,0.44,0.1641,0.33,0.2393,SCoT
mistral_7b,MultiArith,performance,token_f1,0.0298,0.0119,0.0264,0.0269,SCoT
mistral_7b,MultiArith,performance,token_overlap_count,0.88,0.3283,0.66,0.4785,SCoT
mistral_7b,MultiArith,performance,normalized_edit_distance,0.0043,0.0015,0.0072,0.0087,SCoT
mistral_7b,MultiArith,performance,char_f1,0.1128,0.0217,0.1123,0.0303,SCoT
mistral_7b,MultiArith,performance,bert_score_f1,0.7568,0.0069,0.7561,0.0151,SCoT
mistral_7b,MultiArith,performance,semantic_similarity,0.1703,0.0574,0.1369,0.0524,SCoT
mistral_7b,QASports,hardware,delta_time_seconds,109.9696,33.2667,129.3166,47.3421,SCoT
mistral_7b,QASports,hardware,cpu_usage_avg_percent,22.2625,0.7163,23.2009,1.2122,SCoT
mistral_7b,QASports,hardware,ram_usage_avg_mb,13262.7313,263.2761,13152.171,278.2595,MGCoT
mistral_7b,QASports,hardware,ram_usage_avg_percent,81.7555,1.6226,81.0738,1.7153,MGCoT
mistral_7b,QASports,hardware,gpu_usage_avg_percent,10.5228,0.4684,11.8949,1.3652,SCoT
mistral_7b,QASports,hardware,gpu_memory_avg_mb,3905.8828,0.0,3905.8828,0.0,tie
mistral_7b,QASports,performance,rouge1_f1,0.0056,0.0066,0.0085,0.0069,MGCoT
mistral_7b,QASports,performance,rouge2_f1,0.0,0.0,0.0,0.0,tie
mistral_7b,QASports,performance,rougeL_f1,0.0056,0.0066,0.0085,0.0069,MGCoT
mistral_7b,QASports,performance,bleu,0.0,0.0,0.0,0.0,MGCoT
mistral_7b,QASports,performance,exact_match,0.0,0.0,0.0,0.0,tie
mistral_7b,QASports,performance,token_precision,0.0051,0.0061,0.0017,0.004,SCoT
mistral_7b,QASports,performance,token_recall,0.44,0.5014,0.16,0.3703,SCoT
mistral_7b,QASports,performance,token_f1,0.0101,0.012,0.0034,0.0079,SCoT
mistral_7b,QASports,performance,token_overlap_count,0.44,0.5014,0.16,0.3703,SCoT
mistral_7b,QASports,performance,normalized_edit_distance,0.0005,0.0006,0.0008,0.0004,SCoT
mistral_7b,QASports,performance,char_f1,0.0254,0.0268,0.0367,0.0199,MGCoT
mistral_7b,QASports,performance,bert_score_f1,0.766,0.015,0.7629,0.0154,SCoT
mistral_7b,QASports,performance,semantic_similarity,0.0895,0.0441,0.0961,0.0371,MGCoT
mistral_7b,SVAMP,hardware,delta_time_seconds,102.3818,31.2441,121.4932,51.8074,SCoT
mistral_7b,SVAMP,hardware,cpu_usage_avg_percent,28.5389,9.2215,28.8676,6.8811,SCoT
mistral_7b,SVAMP,hardware,ram_usage_avg_mb,13628.4383,757.9872,13579.8286,756.1012,MGCoT
mistral_7b,SVAMP,hardware,ram_usage_avg_percent,84.0115,4.6725,83.71,4.6611,MGCoT
mistral_7b,SVAMP,hardware,gpu_usage_avg_percent,11.2272,0.3297,12.4506,2.823,SCoT
mistral_7b,SVAMP,hardware,gpu_memory_avg_mb,3905.8828,0.0,3905.8833,0.0033,SCoT
mistral_7b,SVAMP,performance,rouge1_f1,0.0147,0.0105,0.0227,0.06,MGCoT
mistral_7b,SVAMP,performance,rouge2_f1,0.0,0.0,0.0,0.0,tie
mistral_7b,SVAMP,performance,rougeL_f1,0.0147,0.0105,0.0227,0.06,MGCoT
mistral_7b,SVAMP,performance,bleu,0.0,0.0,0.0,0.0,SCoT
mistral_7b,SVAMP,performance,exact_match,0.0,0.0,0.0,0.0,tie
mistral_7b,SVAMP,performance,token_precision,0.014,0.0086,0.0126,0.0276,SCoT
mistral_7b,SVAMP,performance,token_recall,0.38,0.2157,0.25,0.2525,SCoT
mistral_7b,SVAMP,performance,token_f1,0.0269,0.0165,0.0224,0.0437,SCoT
mistral_7b,SVAMP,performance,token_overlap_count,0.76,0.4314,0.5,0.5051,SCoT
mistral_7b,SVAMP,performance,normalized_edit_distance,0.0045,0.0027,0.0091,0.0189,SCoT
mistral_7b,SVAMP,performance,char_f1,0.114,0.0323,0.1166,0.048,MGCoT
mistral_7b,SVAMP,performance,bert_score_f1,0.756,0.0102,0.7577,0.0196,MGCoT
mistral_7b,SVAMP,performance,semantic_similarity,0.1402,0.057,0.1239,0.0639,SCoT
mistral_7b,StrategyQA,hardware,delta_time_seconds,118.5858,24.9069,149.3241,23.9808,SCoT
mistral_7b,StrategyQA,hardware,cpu_usage_avg_percent,20.9859,0.5059,22.1768,0.8783,SCoT
mistral_7b,StrategyQA,hardware,ram_usage_avg_mb,12143.7335,276.1756,12070.7691,280.353,MGCoT
mistral_7b,StrategyQA,hardware,ram_usage_avg_percent,74.8598,1.7023,74.4089,1.7276,MGCoT
mistral_7b,StrategyQA,hardware,gpu_usage_avg_percent,10.5122,0.3984,11.602,0.2058,SCoT
mistral_7b,StrategyQA,hardware,gpu_memory_avg_mb,3905.8828,0.0,3905.8828,0.0,tie
mistral_7b,StrategyQA,performance,rouge1_f1,0.0,0.0,0.0,0.0,tie
mistral_7b,StrategyQA,performance,rouge2_f1,0.0,0.0,0.0,0.0,tie
mistral_7b,StrategyQA,performance,rougeL_f1,0.0,0.0,0.0,0.0,tie
mistral_7b,StrategyQA,performance,bleu,0.0,0.0,0.0,0.0,tie
mistral_7b,StrategyQA,performance,exact_match,0.0,0.0,0.0,0.0,tie
mistral_7b,StrategyQA,performance,token_precision,0.0,0.0,0.0,0.0,tie
mistral_7b,StrategyQA,performance,token_recall,0.0,0.0,0.0,0.0,tie
mistral_7b,StrategyQA,performance,token_f1,0.0,0.0,0.0,0.0,tie
mistral_7b,StrategyQA,performance,token_overlap_count,0.0,0.0,0.0,0.0,tie
mistral_7b,StrategyQA,performance,normalized_edit_distance,0.0046,0.0012,0.0045,0.0033,MGCoT
mistral_7b,StrategyQA,performance,char_f1,0.2092,0.0241,0.1933,0.0294,SCoT
mistral_7b,StrategyQA,performance,bert_score_f1,0.7763,0.0072,0.7656,0.0089,SCoT
mistral_7b,StrategyQA,performance,semantic_similarity,0.0418,0.0605,0.0698,0.0599,MGCoT
mistral_7b,aqua,hardware,delta_time_seconds,147.4952,23.2455,153.7784,14.06,SCoT
mistral_7b,aqua,hardware,cpu_usage_avg_percent,25.4206,4.3526,26.229,2.7411,SCoT
mistral_7b,aqua,hardware,ram_usage_avg_mb,13550.0382,752.3385,13473.4601,749.5992,MGCoT
mistral_7b,aqua,hardware,ram_usage_avg_percent,83.5272,4.638,83.0557,4.6211,MGCoT
mistral_7b,aqua,hardware,gpu_usage_avg_percent,11.6151,1.656,11.9196,0.4422,SCoT
mistral_7b,aqua,hardware,gpu_memory_avg_mb,3632.2512,224.7923,3661.4452,114.2706,SCoT
mistral_7b,aqua,performance,rouge1_f1,0.0064,0.0073,0.0064,0.0071,MGCoT
mistral_7b,aqua,performance,rouge2_f1,0.0,0.0,0.0,0.0,tie
mistral_7b,aqua,performance,rougeL_f1,0.0064,0.0073,0.0064,0.0071,MGCoT
mistral_7b,aqua,performance,bleu,0.0,0.0,0.0,0.0,SCoT
mistral_7b,aqua,performance,exact_match,0.0,0.0,0.0,0.0,tie
mistral_7b,aqua,performance,token_precision,0.0063,0.0065,0.0064,0.0071,MGCoT
mistral_7b,aqua,performance,token_recall,0.5,0.5051,0.48,0.5047,SCoT
mistral_7b,aqua,performance,token_f1,0.0125,0.0129,0.0126,0.0139,MGCoT
mistral_7b,aqua,performance,token_overlap_count,0.5,0.5051,0.48,0.5047,SCoT
mistral_7b,aqua,performance,normalized_edit_distance,0.0007,0.0006,0.0005,0.0006,MGCoT
mistral_7b,aqua,performance,char_f1,0.0425,0.0027,0.0467,0.0041,MGCoT
mistral_7b,aqua,performance,bert_score_f1,0.7609,0.0117,0.7589,0.014,SCoT
mistral_7b,aqua,performance,semantic_similarity,0.1355,0.0577,0.0918,0.045,SCoT
mistral_7b,asdiv,hardware,delta_time_seconds,73.3498,21.6814,120.035,49.2058,SCoT
mistral_7b,asdiv,hardware,cpu_usage_avg_percent,23.3455,1.2765,24.4671,1.0002,SCoT
mistral_7b,asdiv,hardware,ram_usage_avg_mb,13913.9712,158.896,13817.109,140.8102,MGCoT
mistral_7b,asdiv,hardware,ram_usage_avg_percent,85.7708,0.9802,85.1738,0.868,MGCoT
mistral_7b,asdiv,hardware,gpu_usage_avg_percent,10.8212,0.2785,12.0661,1.5134,SCoT
mistral_7b,asdiv,hardware,gpu_memory_avg_mb,3901.8028,28.85,3905.8828,0.0,SCoT
mistral_7b,asdiv,performance,rouge1_f1,0.0251,0.0076,0.0266,0.0355,MGCoT
mistral_7b,asdiv,performance,rouge2_f1,0.0,0.0,0.0,0.0,tie
mistral_7b,asdiv,performance,rougeL_f1,0.0251,0.0076,0.0266,0.0355,MGCoT
mistral_7b,asdiv,performance,bleu,0.0,0.0,0.0,0.0,SCoT
mistral_7b,asdiv,performance,exact_match,0.0,0.0,0.0,0.0,tie
mistral_7b,asdiv,performance,token_precision,0.0212,0.0055,0.0176,0.0185,SCoT
mistral_7b,asdiv,performance,token_recall,0.96,0.1979,0.82,0.3881,SCoT
mistral_7b,asdiv,performance,token_f1,0.0415,0.0107,0.034,0.0346,SCoT
mistral_7b,asdiv,performance,token_overlap_count,0.96,0.1979,0.82,0.3881,SCoT
mistral_7b,asdiv,performance,normalized_edit_distance,0.0034,0.0014,0.0044,0.0067,SCoT
mistral_7b,asdiv,performance,char_f1,0.0701,0.025,0.0694,0.0296,SCoT
mistral_7b,asdiv,performance,bert_score_f1,0.7794,0.011,0.78,0.0149,MGCoT
mistral_7b,asdiv,performance,semantic_similarity,0.2938,0.0707,0.2067,0.0792,SCoT
mistral_7b,clutrr,hardware,delta_time_seconds,80.724,18.7033,140.3919,35.9254,SCoT
mistral_7b,clutrr,hardware,cpu_usage_avg_percent,29.5564,4.0499,31.085,4.573,SCoT
mistral_7b,clutrr,hardware,ram_usage_avg_mb,13678.2435,582.3603,13609.98,644.7856,MGCoT
mistral_7b,clutrr,hardware,ram_usage_avg_percent,84.3185,3.5909,83.898,3.9746,MGCoT
mistral_7b,clutrr,hardware,gpu_usage_avg_percent,11.5451,0.4957,12.1126,0.6675,SCoT
mistral_7b,clutrr,hardware,gpu_memory_avg_mb,3905.8828,0.0,3905.8828,0.0,tie
mistral_7b,clutrr,performance,rouge1_f1,0.045,0.0234,0.0231,0.0194,SCoT
mistral_7b,clutrr,performance,rouge2_f1,0.0,0.0,0.0,0.0,tie
mistral_7b,clutrr,performance,rougeL_f1,0.0406,0.0203,0.0222,0.0192,SCoT
mistral_7b,clutrr,performance,bleu,0.0,0.0,0.0,0.0,SCoT
mistral_7b,clutrr,performance,exact_match,0.0,0.0,0.0,0.0,tie
mistral_7b,clutrr,performance,token_precision,0.015,0.0096,0.0076,0.0093,SCoT
mistral_7b,clutrr,performance,token_recall,0.2467,0.1477,0.1933,0.1662,SCoT
mistral_7b,clutrr,performance,token_f1,0.0282,0.0179,0.0144,0.0165,SCoT
mistral_7b,clutrr,performance,token_overlap_count,0.74,0.4431,0.58,0.4986,SCoT
mistral_7b,clutrr,performance,normalized_edit_distance,0.049,0.0121,0.0418,0.0415,MGCoT
mistral_7b,clutrr,performance,char_f1,0.5146,0.0345,0.4599,0.0582,SCoT
mistral_7b,clutrr,performance,bert_score_f1,0.8101,0.0083,0.7962,0.0108,SCoT
mistral_7b,clutrr,performance,semantic_similarity,0.3701,0.0634,0.2598,0.0626,SCoT
mistral_7b,date,hardware,delta_time_seconds,97.6716,30.7543,120.5463,49.1775,SCoT
mistral_7b,date,hardware,cpu_usage_avg_percent,26.3227,4.3886,26.4622,3.9561,SCoT
mistral_7b,date,hardware,ram_usage_avg_mb,12049.8723,1603.48,11928.9501,1607.1571,MGCoT
mistral_7b,date,hardware,ram_usage_avg_percent,74.2784,9.8853,73.5347,9.9066,MGCoT
mistral_7b,date,hardware,gpu_usage_avg_percent,10.348,0.4466,12.5126,3.3869,SCoT
mistral_7b,date,hardware,gpu_memory_avg_mb,3905.8834,0.0041,3905.8897,0.049,SCoT
mistral_7b,date,performance,rouge1_f1,0.04,0.0229,0.0948,0.179,MGCoT
mistral_7b,date,performance,rouge2_f1,0.0129,0.0195,0.0487,0.1617,MGCoT
mistral_7b,date,performance,rougeL_f1,0.0395,0.0231,0.094,0.1792,MGCoT
mistral_7b,date,performance,bleu,0.0,0.0,0.0,0.0,MGCoT
mistral_7b,date,performance,exact_match,0.0,0.0,0.0,0.0,tie
mistral_7b,date,performance,token_precision,0.0034,0.0082,0.026,0.1416,MGCoT
mistral_7b,date,performance,token_recall,0.08,0.1852,0.11,0.2092,MGCoT
mistral_7b,date,performance,token_f1,0.0065,0.0157,0.0241,0.0975,MGCoT
mistral_7b,date,performance,token_overlap_count,0.16,0.3703,0.22,0.4185,MGCoT
mistral_7b,date,performance,normalized_edit_distance,0.0204,0.0071,0.0702,0.1648,SCoT
mistral_7b,date,performance,char_f1,0.2515,0.0363,0.3027,0.1755,MGCoT
mistral_7b,date,performance,bert_score_f1,0.7859,0.0154,0.7916,0.0538,MGCoT
mistral_7b,date,performance,semantic_similarity,0.3717,0.1034,0.3653,0.1641,SCoT
mistral_7b,gsm8k,hardware,delta_time_seconds,133.2118,21.6634,150.0521,21.2373,SCoT
mistral_7b,gsm8k,hardware,cpu_usage_avg_percent,22.1506,0.7802,23.4744,0.802,SCoT
mistral_7b,gsm8k,hardware,ram_usage_avg_mb,11834.3312,737.3027,11778.7475,742.3648,MGCoT
mistral_7b,gsm8k,hardware,ram_usage_avg_percent,72.9529,4.5458,72.6094,4.5783,MGCoT
mistral_7b,gsm8k,hardware,gpu_usage_avg_percent,11.2,0.1269,11.7015,0.1563,SCoT
mistral_7b,gsm8k,hardware,gpu_memory_avg_mb,3905.8828,0.0,3905.8828,0.0,tie
mistral_7b,gsm8k,performance,rouge1_f1,0.3573,0.0933,0.3051,0.1467,SCoT
mistral_7b,gsm8k,performance,rouge2_f1,0.1472,0.067,0.1257,0.0871,SCoT
mistral_7b,gsm8k,performance,rougeL_f1,0.2426,0.0601,0.2049,0.0939,SCoT
mistral_7b,gsm8k,performance,bleu,0.0376,0.0394,0.0285,0.037,SCoT
mistral_7b,gsm8k,performance,exact_match,0.0,0.0,0.0,0.0,tie
mistral_7b,gsm8k,performance,token_precision,0.3165,0.09,0.2668,0.1343,SCoT
mistral_7b,gsm8k,performance,token_recall,0.5832,0.0873,0.5096,0.1478,SCoT
mistral_7b,gsm8k,performance,token_f1,0.4031,0.0837,0.3382,0.1381,SCoT
mistral_7b,gsm8k,performance,token_overlap_count,22.7,6.9142,20.26,8.9552,SCoT
mistral_7b,gsm8k,performance,normalized_edit_distance,0.203,0.0603,0.1872,0.0767,MGCoT
mistral_7b,gsm8k,performance,char_f1,0.8251,0.0581,0.7981,0.0795,SCoT
mistral_7b,gsm8k,performance,bert_score_f1,0.8416,0.0145,0.8313,0.0347,SCoT
mistral_7b,gsm8k,performance,semantic_similarity,0.778,0.064,0.6527,0.2293,SCoT
mistral_7b,saycan,hardware,delta_time_seconds,84.9171,25.1016,151.2059,9.8369,SCoT
mistral_7b,saycan,hardware,cpu_usage_avg_percent,22.8374,2.6696,24.0138,2.4014,SCoT
mistral_7b,saycan,hardware,ram_usage_avg_mb,12831.1594,759.7538,12702.784,743.9982,MGCoT
mistral_7b,saycan,hardware,ram_usage_avg_percent,79.0973,4.6842,78.3046,4.5838,MGCoT
mistral_7b,saycan,hardware,gpu_usage_avg_percent,10.1796,0.4404,11.6511,0.3006,SCoT
mistral_7b,saycan,hardware,gpu_memory_avg_mb,3905.8828,0.0,3905.8829,0.0004,SCoT
mistral_7b,saycan,performance,rouge1_f1,0.0812,0.0575,0.0484,0.0461,SCoT
mistral_7b,saycan,performance,rouge2_f1,0.0083,0.0195,0.0053,0.0141,SCoT
mistral_7b,saycan,performance,rougeL_f1,0.071,0.0461,0.0421,0.0369,SCoT
mistral_7b,saycan,performance,bleu,0.0,0.0,0.0,0.0,tie
mistral_7b,saycan,performance,exact_match,0.0,0.0,0.0,0.0,tie
mistral_7b,saycan,performance,token_precision,0.0776,0.0347,0.0641,0.021,SCoT
mistral_7b,saycan,performance,token_recall,0.1983,0.0747,0.273,0.0864,MGCoT
mistral_7b,saycan,performance,token_f1,0.1097,0.0453,0.103,0.0322,SCoT
mistral_7b,saycan,performance,token_overlap_count,4.68,2.1707,6.26,1.9981,MGCoT
mistral_7b,saycan,performance,normalized_edit_distance,0.1458,0.0471,0.1248,0.0464,MGCoT
mistral_7b,saycan,performance,char_f1,0.6675,0.0505,0.7009,0.0594,MGCoT
mistral_7b,saycan,performance,bert_score_f1,0.787,0.0169,0.7698,0.0144,SCoT
mistral_7b,saycan,performance,semantic_similarity,0.4222,0.1322,0.3655,0.1415,SCoT
openchat_7b,MultiArith,hardware,delta_time_seconds,98.5072,11.8809,51.8255,21.4212,MGCoT
openchat_7b,MultiArith,hardware,cpu_usage_avg_percent,19.9966,0.4509,21.2033,1.0278,SCoT
openchat_7b,MultiArith,hardware,ram_usage_avg_mb,13263.6603,108.0806,13201.6658,119.1023,MGCoT
openchat_7b,MultiArith,hardware,ram_usage_avg_percent,81.7613,0.6676,81.381,0.7316,MGCoT
openchat_7b,MultiArith,hardware,gpu_usage_avg_percent,9.7594,0.2497,12.285,0.5952,SCoT
openchat_7b,MultiArith,hardware,gpu_memory_avg_mb,3904.7656,0.0,3904.7656,0.0,tie
openchat_7b,MultiArith,performance,rouge1_f1,0.0179,0.0034,0.0394,0.0187,MGCoT
openchat_7b,MultiArith,performance,rouge2_f1,0.0,0.0,0.0,0.0,tie
openchat_7b,MultiArith,performance,rougeL_f1,0.0179,0.0034,0.0394,0.0187,MGCoT
openchat_7b,MultiArith,performance,bleu,0.0,0.0,0.0,0.0,MGCoT
openchat_7b,MultiArith,performance,exact_match,0.0,0.0,0.0,0.0,tie
openchat_7b,MultiArith,performance,token_precision,0.0167,0.0029,0.0261,0.009,MGCoT
openchat_7b,MultiArith,performance,token_recall,0.49,0.0707,0.47,0.1199,SCoT
openchat_7b,MultiArith,performance,token_f1,0.0323,0.0056,0.0494,0.0166,MGCoT
openchat_7b,MultiArith,performance,token_overlap_count,0.98,0.1414,0.94,0.2399,SCoT
openchat_7b,MultiArith,performance,normalized_edit_distance,0.0043,0.0009,0.0113,0.0053,SCoT
openchat_7b,MultiArith,performance,char_f1,0.118,0.0217,0.138,0.0295,MGCoT
openchat_7b,MultiArith,performance,bert_score_f1,0.7513,0.0069,0.7703,0.0079,MGCoT
openchat_7b,MultiArith,performance,semantic_similarity,0.1788,0.054,0.1465,0.0561,SCoT
openchat_7b,QASports,hardware,delta_time_seconds,96.464,22.5598,38.3435,14.0665,MGCoT
openchat_7b,QASports,hardware,cpu_usage_avg_percent,20.1712,0.4154,20.9425,1.2997,SCoT
openchat_7b,QASports,hardware,ram_usage_avg_mb,13312.2084,128.3339,13241.0996,143.8045,MGCoT
openchat_7b,QASports,hardware,ram_usage_avg_percent,82.0601,0.791,81.6244,0.8875,MGCoT
openchat_7b,QASports,hardware,gpu_usage_avg_percent,9.0153,0.4229,12.2747,1.4676,SCoT
openchat_7b,QASports,hardware,gpu_memory_avg_mb,3904.7661,0.0035,3904.7656,0.0,MGCoT
openchat_7b,QASports,performance,rouge1_f1,0.0094,0.0084,0.0,0.0,SCoT
openchat_7b,QASports,performance,rouge2_f1,0.0,0.0,0.0,0.0,tie
openchat_7b,QASports,performance,rougeL_f1,0.0094,0.0084,0.0,0.0,SCoT
openchat_7b,QASports,performance,bleu,0.0,0.0,0.0,0.0,tie
openchat_7b,QASports,performance,exact_match,0.0,0.0,0.0,0.0,tie
openchat_7b,QASports,performance,token_precision,0.0087,0.0075,0.0,0.0,SCoT
openchat_7b,QASports,performance,token_recall,0.6,0.4949,0.0,0.0,SCoT
openchat_7b,QASports,performance,token_f1,0.0172,0.0147,0.0,0.0,SCoT
openchat_7b,QASports,performance,token_overlap_count,0.6,0.4949,0.0,0.0,SCoT
openchat_7b,QASports,performance,normalized_edit_distance,0.0008,0.0007,0.0,0.0003,MGCoT
openchat_7b,QASports,performance,char_f1,0.0325,0.0269,0.0012,0.0083,SCoT
openchat_7b,QASports,performance,bert_score_f1,0.7662,0.0176,0.7831,0.0145,MGCoT
openchat_7b,QASports,performance,semantic_similarity,0.0955,0.0501,0.0672,0.0404,SCoT
openchat_7b,SVAMP,hardware,delta_time_seconds,103.5147,20.7963,68.119,34.1208,MGCoT
openchat_7b,SVAMP,hardware,cpu_usage_avg_percent,28.8282,8.099,30.2938,8.1556,SCoT
openchat_7b,SVAMP,hardware,ram_usage_avg_mb,13844.7153,432.7489,13772.1768,362.9192,MGCoT
openchat_7b,SVAMP,hardware,ram_usage_avg_percent,85.3451,2.667,84.8958,2.2383,MGCoT
openchat_7b,SVAMP,hardware,gpu_usage_avg_percent,11.2679,1.2501,13.1121,1.3649,SCoT
openchat_7b,SVAMP,hardware,gpu_memory_avg_mb,3904.7743,0.0232,3904.7777,0.0361,SCoT
openchat_7b,SVAMP,performance,rouge1_f1,0.0149,0.007,0.0291,0.0294,MGCoT
openchat_7b,SVAMP,performance,rouge2_f1,0.0,0.0,0.0,0.0,tie
openchat_7b,SVAMP,performance,rougeL_f1,0.0149,0.007,0.0291,0.0294,MGCoT
openchat_7b,SVAMP,performance,bleu,0.0,0.0,0.0,0.0,MGCoT
openchat_7b,SVAMP,performance,exact_match,0.0,0.0,0.0,0.0,tie
openchat_7b,SVAMP,performance,token_precision,0.0152,0.007,0.0241,0.0164,MGCoT
openchat_7b,SVAMP,performance,token_recall,0.42,0.1852,0.4,0.202,SCoT
openchat_7b,SVAMP,performance,token_f1,0.0293,0.0134,0.0451,0.0294,MGCoT
openchat_7b,SVAMP,performance,token_overlap_count,0.84,0.3703,0.8,0.4041,SCoT
openchat_7b,SVAMP,performance,normalized_edit_distance,0.0043,0.0018,0.0089,0.0075,SCoT
openchat_7b,SVAMP,performance,char_f1,0.1214,0.0321,0.1386,0.0414,MGCoT
openchat_7b,SVAMP,performance,bert_score_f1,0.7542,0.0098,0.7666,0.0114,MGCoT
openchat_7b,SVAMP,performance,semantic_similarity,0.1431,0.059,0.1203,0.06,SCoT
openchat_7b,StrategyQA,hardware,delta_time_seconds,129.3456,22.5817,79.0948,34.2518,MGCoT
openchat_7b,StrategyQA,hardware,cpu_usage_avg_percent,20.3258,0.6242,21.9403,0.8482,SCoT
openchat_7b,StrategyQA,hardware,ram_usage_avg_mb,13521.6596,143.627,13442.091,158.0647,MGCoT
openchat_7b,StrategyQA,hardware,ram_usage_avg_percent,83.3517,0.8852,82.8626,0.9744,MGCoT
openchat_7b,StrategyQA,hardware,gpu_usage_avg_percent,9.5173,0.473,12.4492,0.4499,SCoT
openchat_7b,StrategyQA,hardware,gpu_memory_avg_mb,3904.7662,0.0041,3904.7656,0.0,MGCoT
openchat_7b,StrategyQA,performance,rouge1_f1,0.0,0.0,0.0015,0.0082,MGCoT
openchat_7b,StrategyQA,performance,rouge2_f1,0.0,0.0,0.0,0.0,tie
openchat_7b,StrategyQA,performance,rougeL_f1,0.0,0.0,0.0015,0.0082,MGCoT
openchat_7b,StrategyQA,performance,bleu,0.0,0.0,0.0,0.0,tie
openchat_7b,StrategyQA,performance,exact_match,0.0,0.0,0.0,0.0,tie
openchat_7b,StrategyQA,performance,token_precision,0.0,0.0,0.0012,0.0061,MGCoT
openchat_7b,StrategyQA,performance,token_recall,0.0,0.0,0.04,0.1979,MGCoT
openchat_7b,StrategyQA,performance,token_f1,0.0,0.0,0.0022,0.0119,MGCoT
openchat_7b,StrategyQA,performance,token_overlap_count,0.0,0.0,0.04,0.1979,MGCoT
openchat_7b,StrategyQA,performance,normalized_edit_distance,0.0044,0.0012,0.0073,0.0039,SCoT
openchat_7b,StrategyQA,performance,char_f1,0.2143,0.0213,0.2689,0.0357,MGCoT
openchat_7b,StrategyQA,performance,bert_score_f1,0.7674,0.0073,0.7873,0.0101,MGCoT
openchat_7b,StrategyQA,performance,semantic_similarity,0.0346,0.0626,0.0262,0.0556,SCoT
openchat_7b,aqua,hardware,delta_time_seconds,140.3279,22.8654,124.4064,35.7084,MGCoT
openchat_7b,aqua,hardware,cpu_usage_avg_percent,28.257,3.9608,29.6378,4.2335,SCoT
openchat_7b,aqua,hardware,ram_usage_avg_mb,13388.3738,1553.4669,13224.5655,1570.7696,MGCoT
openchat_7b,aqua,hardware,ram_usage_avg_percent,82.5312,9.5758,81.5208,9.6833,MGCoT
openchat_7b,aqua,hardware,gpu_usage_avg_percent,12.1251,1.1257,13.1178,0.3767,SCoT
openchat_7b,aqua,hardware,gpu_memory_avg_mb,3666.9685,153.5749,3688.6463,0.48,SCoT
openchat_7b,aqua,performance,rouge1_f1,0.0108,0.0071,0.0119,0.0123,MGCoT
openchat_7b,aqua,performance,rouge2_f1,0.0,0.0,0.0,0.0,tie
openchat_7b,aqua,performance,rougeL_f1,0.0108,0.0071,0.0119,0.0123,MGCoT
openchat_7b,aqua,performance,bleu,0.0,0.0,0.0,0.0,MGCoT
openchat_7b,aqua,performance,exact_match,0.0,0.0,0.0,0.0,tie
openchat_7b,aqua,performance,token_precision,0.0068,0.0072,0.0114,0.0101,MGCoT
openchat_7b,aqua,performance,token_recall,0.48,0.5047,0.62,0.4903,MGCoT
openchat_7b,aqua,performance,token_f1,0.0133,0.0142,0.0223,0.0197,MGCoT
openchat_7b,aqua,performance,token_overlap_count,0.48,0.5047,0.62,0.4903,MGCoT
openchat_7b,aqua,performance,normalized_edit_distance,0.0009,0.0007,0.0011,0.0013,SCoT
openchat_7b,aqua,performance,char_f1,0.0459,0.0027,0.0487,0.0087,MGCoT
openchat_7b,aqua,performance,bert_score_f1,0.7594,0.0113,0.7639,0.0123,MGCoT
openchat_7b,aqua,performance,semantic_similarity,0.1454,0.0541,0.1095,0.0616,SCoT
openchat_7b,asdiv,hardware,delta_time_seconds,88.2852,17.8657,50.8473,34.5274,MGCoT
openchat_7b,asdiv,hardware,cpu_usage_avg_percent,19.9379,0.5918,20.8671,1.6583,SCoT
openchat_7b,asdiv,hardware,ram_usage_avg_mb,11124.9364,175.5614,11050.7485,170.9113,MGCoT
openchat_7b,asdiv,hardware,ram_usage_avg_percent,68.5764,1.0816,68.1199,1.0559,MGCoT
openchat_7b,asdiv,hardware,gpu_usage_avg_percent,9.7139,0.3141,13.76,3.9324,SCoT
openchat_7b,asdiv,hardware,gpu_memory_avg_mb,3900.6856,28.85,3904.7656,0.0,SCoT
openchat_7b,asdiv,performance,rouge1_f1,0.02,0.0047,0.0511,0.0639,MGCoT
openchat_7b,asdiv,performance,rouge2_f1,0.0,0.0,0.0,0.0,tie
openchat_7b,asdiv,performance,rougeL_f1,0.02,0.0047,0.0511,0.0639,MGCoT
openchat_7b,asdiv,performance,bleu,0.0,0.0,0.0,0.0,MGCoT
openchat_7b,asdiv,performance,exact_match,0.0,0.0,0.0,0.0,tie
openchat_7b,asdiv,performance,token_precision,0.019,0.0033,0.0326,0.0265,MGCoT
openchat_7b,asdiv,performance,token_recall,0.98,0.1414,0.82,0.3881,SCoT
openchat_7b,asdiv,performance,token_f1,0.0374,0.0064,0.0619,0.0481,MGCoT
openchat_7b,asdiv,performance,token_overlap_count,0.98,0.1414,0.82,0.3881,SCoT
openchat_7b,asdiv,performance,normalized_edit_distance,0.0028,0.0011,0.008,0.0112,SCoT
openchat_7b,asdiv,performance,char_f1,0.071,0.0236,0.0841,0.0423,MGCoT
openchat_7b,asdiv,performance,bert_score_f1,0.7718,0.0076,0.7928,0.0182,MGCoT
openchat_7b,asdiv,performance,semantic_similarity,0.2818,0.0696,0.2585,0.0793,SCoT
openchat_7b,clutrr,hardware,delta_time_seconds,73.555,17.2257,14.3357,5.0533,MGCoT
openchat_7b,clutrr,hardware,cpu_usage_avg_percent,19.8252,0.6042,18.845,0.9149,MGCoT
openchat_7b,clutrr,hardware,ram_usage_avg_mb,11374.0038,105.0276,11311.0306,109.4599,MGCoT
openchat_7b,clutrr,hardware,ram_usage_avg_percent,70.115,0.6488,69.7284,0.6808,MGCoT
openchat_7b,clutrr,hardware,gpu_usage_avg_percent,9.9013,0.3979,18.2534,4.8663,SCoT
openchat_7b,clutrr,hardware,gpu_memory_avg_mb,3904.7656,0.0,3904.7656,0.0,tie
openchat_7b,clutrr,performance,rouge1_f1,0.0479,0.0317,0.1932,0.0926,MGCoT
openchat_7b,clutrr,performance,rouge2_f1,0.0,0.0,0.0,0.0,tie
openchat_7b,clutrr,performance,rougeL_f1,0.0445,0.0299,0.1822,0.0921,MGCoT
openchat_7b,clutrr,performance,bleu,0.0,0.0,0.0,0.0,MGCoT
openchat_7b,clutrr,performance,exact_match,0.0,0.0,0.0,0.0,tie
openchat_7b,clutrr,performance,token_precision,0.0134,0.0096,0.0726,0.0585,MGCoT
openchat_7b,clutrr,performance,token_recall,0.2267,0.1571,0.22,0.1595,SCoT
openchat_7b,clutrr,performance,token_f1,0.0253,0.018,0.1075,0.0835,MGCoT
openchat_7b,clutrr,performance,token_overlap_count,0.68,0.4712,0.66,0.4785,SCoT
openchat_7b,clutrr,performance,normalized_edit_distance,0.0562,0.0139,0.2387,0.0769,SCoT
openchat_7b,clutrr,performance,char_f1,0.5088,0.0235,0.6732,0.0647,MGCoT
openchat_7b,clutrr,performance,bert_score_f1,0.8061,0.006,0.8416,0.0123,MGCoT
openchat_7b,clutrr,performance,semantic_similarity,0.341,0.0565,0.3614,0.0671,MGCoT
openchat_7b,date,hardware,delta_time_seconds,104.7558,24.2286,25.2491,28.4969,MGCoT
openchat_7b,date,hardware,cpu_usage_avg_percent,20.0907,0.5196,19.7163,1.0816,MGCoT
openchat_7b,date,hardware,ram_usage_avg_mb,11411.8482,86.5601,11364.0983,97.2383,MGCoT
openchat_7b,date,hardware,ram_usage_avg_percent,70.347,0.5314,70.057,0.6006,MGCoT
openchat_7b,date,hardware,gpu_usage_avg_percent,9.2278,0.4454,12.8684,3.676,SCoT
openchat_7b,date,hardware,gpu_memory_avg_mb,3904.7656,0.0,3904.7656,0.0,tie
openchat_7b,date,performance,rouge1_f1,0.0347,0.0169,0.2321,0.164,MGCoT
openchat_7b,date,performance,rouge2_f1,0.0094,0.0142,0.0872,0.1615,MGCoT
openchat_7b,date,performance,rougeL_f1,0.0341,0.017,0.227,0.161,MGCoT
openchat_7b,date,performance,bleu,0.0,0.0,0.0,0.0,MGCoT
openchat_7b,date,performance,exact_match,0.0,0.0,0.0,0.0,tie
openchat_7b,date,performance,token_precision,0.0017,0.0057,0.0222,0.0532,MGCoT
openchat_7b,date,performance,token_recall,0.04,0.137,0.09,0.194,MGCoT
openchat_7b,date,performance,token_f1,0.0032,0.0109,0.0344,0.081,MGCoT
openchat_7b,date,performance,token_overlap_count,0.08,0.274,0.18,0.3881,MGCoT
openchat_7b,date,performance,normalized_edit_distance,0.0191,0.0058,0.1676,0.0944,SCoT
openchat_7b,date,performance,char_f1,0.2501,0.0457,0.3788,0.1027,MGCoT
openchat_7b,date,performance,bert_score_f1,0.7766,0.0159,0.8424,0.0354,MGCoT
openchat_7b,date,performance,semantic_similarity,0.3446,0.0902,0.5491,0.1023,MGCoT
openchat_7b,gsm8k,hardware,delta_time_seconds,135.4575,19.137,115.6298,33.5514,MGCoT
openchat_7b,gsm8k,hardware,cpu_usage_avg_percent,20.2722,0.4101,22.5367,0.607,SCoT
openchat_7b,gsm8k,hardware,ram_usage_avg_mb,12617.4435,621.4959,12527.0775,607.7844,MGCoT
openchat_7b,gsm8k,hardware,ram_usage_avg_percent,77.7773,3.8318,77.2227,3.7467,MGCoT
openchat_7b,gsm8k,hardware,gpu_usage_avg_percent,9.9624,0.2691,12.842,0.3449,SCoT
openchat_7b,gsm8k,hardware,gpu_memory_avg_mb,3904.7656,0.0,3904.7656,0.0,tie
openchat_7b,gsm8k,performance,rouge1_f1,0.3685,0.0968,0.4161,0.1057,MGCoT
openchat_7b,gsm8k,performance,rouge2_f1,0.1737,0.0846,0.1931,0.0941,MGCoT
openchat_7b,gsm8k,performance,rougeL_f1,0.2595,0.0654,0.3015,0.0795,MGCoT
openchat_7b,gsm8k,performance,bleu,0.0486,0.0482,0.0477,0.054,SCoT
openchat_7b,gsm8k,performance,exact_match,0.0,0.0,0.0,0.0,tie
openchat_7b,gsm8k,performance,token_precision,0.3309,0.0945,0.4015,0.1115,MGCoT
openchat_7b,gsm8k,performance,token_recall,0.5731,0.1078,0.5799,0.0904,MGCoT
openchat_7b,gsm8k,performance,token_f1,0.4117,0.0919,0.4659,0.0972,MGCoT
openchat_7b,gsm8k,performance,token_overlap_count,22.22,7.0052,22.66,7.2776,MGCoT
openchat_7b,gsm8k,performance,normalized_edit_distance,0.2062,0.0618,0.2429,0.072,SCoT
openchat_7b,gsm8k,performance,char_f1,0.8276,0.0584,0.851,0.0552,MGCoT
openchat_7b,gsm8k,performance,bert_score_f1,0.8414,0.016,0.8609,0.0204,MGCoT
openchat_7b,gsm8k,performance,semantic_similarity,0.7837,0.0628,0.8194,0.0688,MGCoT
openchat_7b,saycan,hardware,delta_time_seconds,87.7387,26.1804,58.9478,48.8424,MGCoT
openchat_7b,saycan,hardware,cpu_usage_avg_percent,20.4166,1.7566,21.0119,1.751,SCoT
openchat_7b,saycan,hardware,ram_usage_avg_mb,13276.8366,170.5677,13192.1899,172.6536,MGCoT
openchat_7b,saycan,hardware,ram_usage_avg_percent,81.8444,1.0507,81.3206,1.0644,MGCoT
openchat_7b,saycan,hardware,gpu_usage_avg_percent,8.97,0.6594,13.11,2.1233,SCoT
openchat_7b,saycan,hardware,gpu_memory_avg_mb,3904.7656,0.0,3904.7656,0.0,tie
openchat_7b,saycan,performance,rouge1_f1,0.0779,0.0428,0.0454,0.0483,SCoT
openchat_7b,saycan,performance,rouge2_f1,0.0064,0.0154,0.0056,0.014,SCoT
openchat_7b,saycan,performance,rougeL_f1,0.0724,0.0367,0.042,0.0448,SCoT
openchat_7b,saycan,performance,bleu,0.0,0.0,0.0,0.0,tie
openchat_7b,saycan,performance,exact_match,0.0,0.0,0.0,0.0,tie
openchat_7b,saycan,performance,token_precision,0.0707,0.0268,0.0911,0.083,MGCoT
openchat_7b,saycan,performance,token_recall,0.185,0.0682,0.1499,0.0821,SCoT
openchat_7b,saycan,performance,token_f1,0.1003,0.0353,0.099,0.0597,SCoT
openchat_7b,saycan,performance,token_overlap_count,4.3,1.6933,3.42,1.808,SCoT
openchat_7b,saycan,performance,normalized_edit_distance,0.1454,0.0475,0.138,0.0491,MGCoT
openchat_7b,saycan,performance,char_f1,0.6964,0.0426,0.6528,0.0502,SCoT
openchat_7b,saycan,performance,bert_score_f1,0.7894,0.0133,0.7858,0.0188,SCoT
openchat_7b,saycan,performance,semantic_similarity,0.4389,0.1218,0.3041,0.142,SCoT
phi3_mini,MultiArith,hardware,delta_time_seconds,94.6967,12.2541,88.8396,57.429,MGCoT
phi3_mini,MultiArith,hardware,cpu_usage_avg_percent,12.1133,0.9284,13.2887,1.3135,SCoT
phi3_mini,MultiArith,hardware,ram_usage_avg_mb,13821.142,199.3309,13568.2183,175.2175,MGCoT
phi3_mini,MultiArith,hardware,ram_usage_avg_percent,85.1983,1.2282,83.6406,1.0787,MGCoT
phi3_mini,MultiArith,hardware,gpu_usage_avg_percent,5.5068,0.1341,7.6184,0.8544,SCoT
phi3_mini,MultiArith,hardware,gpu_memory_avg_mb,3914.7656,0.0,3914.7656,0.0,tie
phi3_mini,MultiArith,performance,rouge1_f1,0.0201,0.0027,0.0359,0.026,MGCoT
phi3_mini,MultiArith,performance,rouge2_f1,0.0,0.0,0.0,0.0,tie
phi3_mini,MultiArith,performance,rougeL_f1,0.0201,0.0027,0.0359,0.026,MGCoT
phi3_mini,MultiArith,performance,bleu,0.0,0.0,0.0,0.0,MGCoT
phi3_mini,MultiArith,performance,exact_match,0.0,0.0,0.0,0.0,tie
phi3_mini,MultiArith,performance,token_precision,0.0185,0.002,0.0219,0.0122,MGCoT
phi3_mini,MultiArith,performance,token_recall,0.5,0.0,0.48,0.099,SCoT
phi3_mini,MultiArith,performance,token_f1,0.0358,0.0037,0.0415,0.0224,MGCoT
phi3_mini,MultiArith,performance,token_overlap_count,1.0,0.0,0.96,0.1979,SCoT
phi3_mini,MultiArith,performance,normalized_edit_distance,0.0047,0.0011,0.0091,0.0072,SCoT
phi3_mini,MultiArith,performance,char_f1,0.1162,0.0205,0.1266,0.0293,MGCoT
phi3_mini,MultiArith,performance,bert_score_f1,0.7565,0.0062,0.7655,0.014,MGCoT
phi3_mini,MultiArith,performance,semantic_similarity,0.1596,0.0456,0.1527,0.056,SCoT
phi3_mini,QASports,hardware,delta_time_seconds,123.6325,26.6837,129.4437,39.382,SCoT
phi3_mini,QASports,hardware,cpu_usage_avg_percent,14.7376,4.9411,16.2758,5.8778,SCoT
phi3_mini,QASports,hardware,ram_usage_avg_mb,13971.775,327.391,13696.0935,326.2711,MGCoT
phi3_mini,QASports,hardware,ram_usage_avg_percent,86.1282,2.0175,84.4264,2.0092,MGCoT
phi3_mini,QASports,hardware,gpu_usage_avg_percent,5.6541,0.7322,7.1678,0.7455,SCoT
phi3_mini,QASports,hardware,gpu_memory_avg_mb,3914.7656,0.0,3914.7656,0.0,tie
phi3_mini,QASports,performance,rouge1_f1,0.0088,0.0078,0.0043,0.0062,SCoT
phi3_mini,QASports,performance,rouge2_f1,0.0,0.0,0.0,0.0,tie
phi3_mini,QASports,performance,rougeL_f1,0.0088,0.0078,0.0043,0.0062,SCoT
phi3_mini,QASports,performance,bleu,0.0,0.0,0.0,0.0,tie
phi3_mini,QASports,performance,exact_match,0.0,0.0,0.0,0.0,tie
phi3_mini,QASports,performance,token_precision,0.008,0.0069,0.0,0.0,SCoT
phi3_mini,QASports,performance,token_recall,0.6,0.4949,0.0,0.0,SCoT
phi3_mini,QASports,performance,token_f1,0.0158,0.0136,0.0,0.0,SCoT
phi3_mini,QASports,performance,token_overlap_count,0.6,0.4949,0.0,0.0,SCoT
phi3_mini,QASports,performance,normalized_edit_distance,0.0008,0.0007,0.0006,0.0005,MGCoT
phi3_mini,QASports,performance,char_f1,0.035,0.0254,0.0303,0.024,SCoT
phi3_mini,QASports,performance,bert_score_f1,0.7652,0.0175,0.7663,0.0175,MGCoT
phi3_mini,QASports,performance,semantic_similarity,0.091,0.047,0.1134,0.0606,MGCoT
phi3_mini,SVAMP,hardware,delta_time_seconds,103.8247,29.0278,103.828,53.2182,SCoT
phi3_mini,SVAMP,hardware,cpu_usage_avg_percent,10.8232,0.3353,12.5272,0.5306,SCoT
phi3_mini,SVAMP,hardware,ram_usage_avg_mb,14172.5452,249.4208,13903.8935,206.7886,MGCoT
phi3_mini,SVAMP,hardware,ram_usage_avg_percent,87.3669,1.538,85.707,1.2764,MGCoT
phi3_mini,SVAMP,hardware,gpu_usage_avg_percent,5.5025,0.1693,7.3094,0.8802,SCoT
phi3_mini,SVAMP,hardware,gpu_memory_avg_mb,3916.7656,0.0,3916.7656,0.0,tie
phi3_mini,SVAMP,performance,rouge1_f1,0.0173,0.0068,0.0242,0.0206,MGCoT
phi3_mini,SVAMP,performance,rouge2_f1,0.0,0.0,0.0,0.0,tie
phi3_mini,SVAMP,performance,rougeL_f1,0.0173,0.0068,0.0242,0.0206,MGCoT
phi3_mini,SVAMP,performance,bleu,0.0,0.0,0.0,0.0,MGCoT
phi3_mini,SVAMP,performance,exact_match,0.0,0.0,0.0,0.0,tie
phi3_mini,SVAMP,performance,token_precision,0.0178,0.0069,0.0189,0.0123,MGCoT
phi3_mini,SVAMP,performance,token_recall,0.45,0.1515,0.44,0.1641,SCoT
phi3_mini,SVAMP,performance,token_f1,0.0342,0.0131,0.0358,0.0226,MGCoT
phi3_mini,SVAMP,performance,token_overlap_count,0.9,0.303,0.88,0.3283,SCoT
phi3_mini,SVAMP,performance,normalized_edit_distance,0.0046,0.002,0.007,0.0061,SCoT
phi3_mini,SVAMP,performance,char_f1,0.1214,0.0312,0.1281,0.0395,MGCoT
phi3_mini,SVAMP,performance,bert_score_f1,0.7593,0.0092,0.7622,0.013,MGCoT
phi3_mini,SVAMP,performance,semantic_similarity,0.1345,0.0597,0.1304,0.0541,SCoT
phi3_mini,StrategyQA,hardware,delta_time_seconds,143.7818,14.0515,148.3503,21.391,SCoT
phi3_mini,StrategyQA,hardware,cpu_usage_avg_percent,11.0513,0.531,12.652,0.8024,SCoT
phi3_mini,StrategyQA,hardware,ram_usage_avg_mb,13279.4224,1328.4148,13003.3069,1301.3147,MGCoT
phi3_mini,StrategyQA,hardware,ram_usage_avg_percent,81.8594,8.1877,80.158,8.0205,MGCoT
phi3_mini,StrategyQA,hardware,gpu_usage_avg_percent,5.3962,0.1885,6.6493,0.26,SCoT
phi3_mini,StrategyQA,hardware,gpu_memory_avg_mb,3916.7656,0.0,3916.7656,0.0,tie
phi3_mini,StrategyQA,performance,rouge1_f1,0.0003,0.0024,0.0002,0.0017,SCoT
phi3_mini,StrategyQA,performance,rouge2_f1,0.0,0.0,0.0,0.0,tie
phi3_mini,StrategyQA,performance,rougeL_f1,0.0003,0.0024,0.0002,0.0017,SCoT
phi3_mini,StrategyQA,performance,bleu,0.0,0.0,0.0,0.0,tie
phi3_mini,StrategyQA,performance,exact_match,0.0,0.0,0.0,0.0,tie
phi3_mini,StrategyQA,performance,token_precision,0.0004,0.0026,0.0004,0.0025,SCoT
phi3_mini,StrategyQA,performance,token_recall,0.02,0.1414,0.02,0.1414,tie
phi3_mini,StrategyQA,performance,token_f1,0.0007,0.0051,0.0007,0.0049,SCoT
phi3_mini,StrategyQA,performance,token_overlap_count,0.02,0.1414,0.02,0.1414,tie
phi3_mini,StrategyQA,performance,normalized_edit_distance,0.0038,0.0008,0.0045,0.0016,SCoT
phi3_mini,StrategyQA,performance,char_f1,0.2119,0.0221,0.2018,0.0314,SCoT
phi3_mini,StrategyQA,performance,bert_score_f1,0.7691,0.0062,0.7697,0.0083,MGCoT
phi3_mini,StrategyQA,performance,semantic_similarity,0.0218,0.064,0.0739,0.0581,MGCoT
phi3_mini,aqua,hardware,delta_time_seconds,143.9538,19.36,123.7167,45.6711,MGCoT
phi3_mini,aqua,hardware,cpu_usage_avg_percent,15.6045,4.6636,18.4356,6.4727,SCoT
phi3_mini,aqua,hardware,ram_usage_avg_mb,13267.0165,1331.5101,12939.688,1323.3459,MGCoT
phi3_mini,aqua,hardware,ram_usage_avg_percent,81.7837,8.2073,79.7652,8.1602,MGCoT
phi3_mini,aqua,hardware,gpu_usage_avg_percent,6.3715,0.7479,9.6242,7.4099,SCoT
phi3_mini,aqua,hardware,gpu_memory_avg_mb,3677.0856,153.0124,3698.6856,0.3959,SCoT
phi3_mini,aqua,performance,rouge1_f1,0.0074,0.0083,0.01,0.0107,MGCoT
phi3_mini,aqua,performance,rouge2_f1,0.0,0.0,0.0,0.0,tie
phi3_mini,aqua,performance,rougeL_f1,0.0074,0.0083,0.01,0.0107,MGCoT
phi3_mini,aqua,performance,bleu,0.0,0.0,0.0,0.0,SCoT
phi3_mini,aqua,performance,exact_match,0.0,0.0,0.0,0.0,tie
phi3_mini,aqua,performance,token_precision,0.0077,0.0077,0.0088,0.0086,MGCoT
phi3_mini,aqua,performance,token_recall,0.52,0.5047,0.58,0.4986,MGCoT
phi3_mini,aqua,performance,token_f1,0.0151,0.0152,0.0174,0.0167,MGCoT
phi3_mini,aqua,performance,token_overlap_count,0.52,0.5047,0.58,0.4986,MGCoT
phi3_mini,aqua,performance,normalized_edit_distance,0.0009,0.0007,0.001,0.001,SCoT
phi3_mini,aqua,performance,char_f1,0.0444,0.007,0.0439,0.0137,SCoT
phi3_mini,aqua,performance,bert_score_f1,0.7594,0.011,0.7543,0.111,SCoT
phi3_mini,aqua,performance,semantic_similarity,0.1317,0.0604,0.1438,0.0906,MGCoT
phi3_mini,asdiv,hardware,delta_time_seconds,87.4416,22.2756,110.1832,51.4985,SCoT
phi3_mini,asdiv,hardware,cpu_usage_avg_percent,10.9826,0.613,12.3624,0.4553,SCoT
phi3_mini,asdiv,hardware,ram_usage_avg_mb,13653.9133,148.1975,13383.3956,147.7749,MGCoT
phi3_mini,asdiv,hardware,ram_usage_avg_percent,84.1674,0.9141,82.4977,0.9104,MGCoT
phi3_mini,asdiv,hardware,gpu_usage_avg_percent,5.4172,0.2304,7.1855,0.9215,SCoT
phi3_mini,asdiv,hardware,gpu_memory_avg_mb,3910.5656,28.8395,3914.6068,0.7921,SCoT
phi3_mini,asdiv,performance,rouge1_f1,0.0226,0.0061,0.023,0.0221,MGCoT
phi3_mini,asdiv,performance,rouge2_f1,0.0,0.0,0.0,0.0,tie
phi3_mini,asdiv,performance,rougeL_f1,0.0226,0.0061,0.023,0.0221,MGCoT
phi3_mini,asdiv,performance,bleu,0.0,0.0,0.0,0.0,SCoT
phi3_mini,asdiv,performance,exact_match,0.0,0.0,0.0,0.0,tie
phi3_mini,asdiv,performance,token_precision,0.0213,0.0052,0.0159,0.015,SCoT
phi3_mini,asdiv,performance,token_recall,0.96,0.1979,0.7,0.4629,SCoT
phi3_mini,asdiv,performance,token_f1,0.0416,0.01,0.0309,0.0286,SCoT
phi3_mini,asdiv,performance,token_overlap_count,0.96,0.1979,0.7,0.4629,SCoT
phi3_mini,asdiv,performance,normalized_edit_distance,0.003,0.0011,0.0036,0.0041,SCoT
phi3_mini,asdiv,performance,char_f1,0.0698,0.026,0.0706,0.0342,MGCoT
phi3_mini,asdiv,performance,bert_score_f1,0.776,0.0091,0.7775,0.0148,MGCoT
phi3_mini,asdiv,performance,semantic_similarity,0.266,0.0697,0.2085,0.0861,SCoT
phi3_mini,clutrr,hardware,delta_time_seconds,86.5889,19.9203,128.3376,43.9066,SCoT
phi3_mini,clutrr,hardware,cpu_usage_avg_percent,10.8845,0.4331,12.5684,0.557,SCoT
phi3_mini,clutrr,hardware,ram_usage_avg_mb,13886.8377,272.8293,13623.8815,255.0742,MGCoT
phi3_mini,clutrr,hardware,ram_usage_avg_percent,85.6004,1.6834,83.9849,1.5742,MGCoT
phi3_mini,clutrr,hardware,gpu_usage_avg_percent,5.537,0.175,6.9775,0.4279,SCoT
phi3_mini,clutrr,hardware,gpu_memory_avg_mb,3914.7656,0.0,3914.7656,0.0,tie
phi3_mini,clutrr,performance,rouge1_f1,0.0538,0.0232,0.0315,0.0219,SCoT
phi3_mini,clutrr,performance,rouge2_f1,0.0,0.0,0.0,0.0,tie
phi3_mini,clutrr,performance,rougeL_f1,0.0505,0.0228,0.0297,0.0211,SCoT
phi3_mini,clutrr,performance,bleu,0.0,0.0,0.0,0.0,SCoT
phi3_mini,clutrr,performance,exact_match,0.0,0.0,0.0,0.0,tie
phi3_mini,clutrr,performance,token_precision,0.0167,0.0075,0.0109,0.0096,SCoT
phi3_mini,clutrr,performance,token_recall,0.2867,0.1168,0.24,0.1512,SCoT
phi3_mini,clutrr,performance,token_f1,0.0315,0.014,0.0206,0.0174,SCoT
phi3_mini,clutrr,performance,token_overlap_count,0.86,0.3505,0.72,0.4536,SCoT
phi3_mini,clutrr,performance,normalized_edit_distance,0.0503,0.0129,0.0425,0.0278,MGCoT
phi3_mini,clutrr,performance,char_f1,0.5107,0.0226,0.4926,0.0685,SCoT
phi3_mini,clutrr,performance,bert_score_f1,0.8091,0.0064,0.8021,0.0133,SCoT
phi3_mini,clutrr,performance,semantic_similarity,0.3484,0.0588,0.2968,0.1016,SCoT
phi3_mini,date,hardware,delta_time_seconds,97.2784,23.5724,30.4433,31.7573,MGCoT
phi3_mini,date,hardware,cpu_usage_avg_percent,10.9738,0.4051,12.4044,1.2209,SCoT
phi3_mini,date,hardware,ram_usage_avg_mb,13277.0057,108.9813,13085.0418,102.2477,MGCoT
phi3_mini,date,hardware,ram_usage_avg_percent,81.8476,0.6713,80.6585,0.6293,MGCoT
phi3_mini,date,hardware,gpu_usage_avg_percent,5.0906,0.1688,13.4691,6.9796,SCoT
phi3_mini,date,hardware,gpu_memory_avg_mb,3914.7656,0.0,3914.7656,0.0,tie
phi3_mini,date,performance,rouge1_f1,0.0473,0.0271,0.3867,0.3394,MGCoT
phi3_mini,date,performance,rouge2_f1,0.0189,0.025,0.2073,0.369,MGCoT
phi3_mini,date,performance,rougeL_f1,0.0468,0.0266,0.3848,0.3411,MGCoT
phi3_mini,date,performance,bleu,0.0,0.0,0.0,0.0,MGCoT
phi3_mini,date,performance,exact_match,0.0,0.0,0.0,0.0,tie
phi3_mini,date,performance,token_precision,0.0066,0.0104,0.1729,0.3662,MGCoT
phi3_mini,date,performance,token_recall,0.15,0.2315,0.2,0.2474,MGCoT
phi3_mini,date,performance,token_f1,0.0126,0.0199,0.1283,0.243,MGCoT
phi3_mini,date,performance,token_overlap_count,0.3,0.4629,0.4,0.4949,MGCoT
phi3_mini,date,performance,normalized_edit_distance,0.0224,0.0071,0.2581,0.2151,SCoT
phi3_mini,date,performance,char_f1,0.2661,0.0382,0.4984,0.1973,MGCoT
phi3_mini,date,performance,bert_score_f1,0.791,0.0184,0.8817,0.0612,MGCoT
phi3_mini,date,performance,semantic_similarity,0.3029,0.0841,0.5914,0.2104,MGCoT
phi3_mini,gsm8k,hardware,delta_time_seconds,133.676,19.4828,119.3696,41.4351,MGCoT
phi3_mini,gsm8k,hardware,cpu_usage_avg_percent,12.1865,2.2484,13.3442,0.9545,SCoT
phi3_mini,gsm8k,hardware,ram_usage_avg_mb,13708.6225,520.1522,13400.9184,490.2424,MGCoT
phi3_mini,gsm8k,hardware,ram_usage_avg_percent,84.5059,3.206,82.6078,3.0238,MGCoT
phi3_mini,gsm8k,hardware,gpu_usage_avg_percent,5.6269,0.1455,7.093,0.355,SCoT
phi3_mini,gsm8k,hardware,gpu_memory_avg_mb,3914.7658,0.001,3914.7753,0.0682,SCoT
phi3_mini,gsm8k,performance,rouge1_f1,0.3941,0.0907,0.4112,0.1124,MGCoT
phi3_mini,gsm8k,performance,rouge2_f1,0.1777,0.08,0.183,0.0895,MGCoT
phi3_mini,gsm8k,performance,rougeL_f1,0.2736,0.0626,0.2928,0.0887,MGCoT
phi3_mini,gsm8k,performance,bleu,0.0455,0.0472,0.0496,0.0424,MGCoT
phi3_mini,gsm8k,performance,exact_match,0.0,0.0,0.0,0.0,tie
phi3_mini,gsm8k,performance,token_precision,0.3478,0.0937,0.3445,0.1375,SCoT
phi3_mini,gsm8k,performance,token_recall,0.5804,0.0833,0.5571,0.091,SCoT
phi3_mini,gsm8k,performance,token_f1,0.4286,0.0869,0.4113,0.1067,SCoT
phi3_mini,gsm8k,performance,token_overlap_count,22.7,7.0138,21.78,6.8758,SCoT
phi3_mini,gsm8k,performance,normalized_edit_distance,0.2107,0.0588,0.2279,0.0596,SCoT
phi3_mini,gsm8k,performance,char_f1,0.8275,0.0584,0.8345,0.0576,MGCoT
phi3_mini,gsm8k,performance,bert_score_f1,0.8469,0.0146,0.8545,0.023,MGCoT
phi3_mini,gsm8k,performance,semantic_similarity,0.787,0.0635,0.7857,0.1022,SCoT
phi3_mini,saycan,hardware,delta_time_seconds,118.8481,29.3593,142.2029,32.3431,SCoT
phi3_mini,saycan,hardware,cpu_usage_avg_percent,17.5209,3.7345,19.7868,3.9884,SCoT
phi3_mini,saycan,hardware,ram_usage_avg_mb,13436.191,948.1654,13019.2072,1025.2373,MGCoT
phi3_mini,saycan,hardware,ram_usage_avg_percent,82.8269,5.8443,80.2554,6.3211,MGCoT
phi3_mini,saycan,hardware,gpu_usage_avg_percent,5.866,0.589,7.9719,1.2236,SCoT
phi3_mini,saycan,hardware,gpu_memory_avg_mb,3916.3661,0.8072,3916.3656,0.8081,MGCoT
phi3_mini,saycan,performance,rouge1_f1,0.0597,0.0588,0.0241,0.0249,SCoT
phi3_mini,saycan,performance,rouge2_f1,0.0066,0.0184,0.0036,0.0096,SCoT
phi3_mini,saycan,performance,rougeL_f1,0.054,0.0465,0.022,0.0221,SCoT
phi3_mini,saycan,performance,bleu,0.0,0.0,0.0,0.0,tie
phi3_mini,saycan,performance,exact_match,0.0,0.0,0.0,0.0,tie
phi3_mini,saycan,performance,token_precision,0.0512,0.0287,0.0467,0.0189,SCoT
phi3_mini,saycan,performance,token_recall,0.1657,0.0746,0.1778,0.0878,MGCoT
phi3_mini,saycan,performance,token_f1,0.0767,0.0393,0.0722,0.0284,SCoT
phi3_mini,saycan,performance,token_overlap_count,3.86,1.9061,4.1,1.8434,MGCoT
phi3_mini,saycan,performance,normalized_edit_distance,0.1323,0.0518,0.1247,0.0467,MGCoT
phi3_mini,saycan,performance,char_f1,0.6841,0.0414,0.6921,0.0715,MGCoT
phi3_mini,saycan,performance,bert_score_f1,0.7822,0.0146,0.7673,0.014,SCoT
phi3_mini,saycan,performance,semantic_similarity,0.3894,0.1347,0.2638,0.1071,SCoT
qwen2_1.5b,MultiArith,hardware,delta_time_seconds,62.1027,13.3942,53.3636,18.6438,MGCoT
qwen2_1.5b,MultiArith,hardware,cpu_usage_avg_percent,4.3148,0.353,4.2561,0.5196,MGCoT
qwen2_1.5b,MultiArith,hardware,ram_usage_avg_mb,9237.0865,41.715,9221.3783,45.4658,MGCoT
qwen2_1.5b,MultiArith,hardware,ram_usage_avg_percent,56.9393,0.2588,56.8468,0.2786,MGCoT
qwen2_1.5b,MultiArith,hardware,gpu_usage_avg_percent,2.8489,0.222,4.0781,2.2169,SCoT
qwen2_1.5b,MultiArith,hardware,gpu_memory_avg_mb,2748.7656,0.0,2748.7656,0.0,tie
qwen2_1.5b,MultiArith,performance,rouge1_f1,0.0244,0.0074,0.0295,0.0143,MGCoT
qwen2_1.5b,MultiArith,performance,rouge2_f1,0.0,0.0,0.0,0.0,tie
qwen2_1.5b,MultiArith,performance,rougeL_f1,0.0244,0.0074,0.0295,0.0143,MGCoT
qwen2_1.5b,MultiArith,performance,bleu,0.0,0.0,0.0,0.0,SCoT
qwen2_1.5b,MultiArith,performance,exact_match,0.0,0.0,0.0,0.0,tie
qwen2_1.5b,MultiArith,performance,token_precision,0.0212,0.0067,0.0232,0.0089,MGCoT
qwen2_1.5b,MultiArith,performance,token_recall,0.47,0.1199,0.45,0.1515,SCoT
qwen2_1.5b,MultiArith,performance,token_f1,0.0404,0.0126,0.044,0.0168,MGCoT
qwen2_1.5b,MultiArith,performance,token_overlap_count,0.94,0.2399,0.9,0.303,SCoT
qwen2_1.5b,MultiArith,performance,normalized_edit_distance,0.0061,0.0017,0.0089,0.0076,SCoT
qwen2_1.5b,MultiArith,performance,char_f1,0.1247,0.0241,0.1345,0.0245,MGCoT
qwen2_1.5b,MultiArith,performance,bert_score_f1,0.7689,0.0102,0.7717,0.0118,MGCoT
qwen2_1.5b,MultiArith,performance,semantic_similarity,0.1416,0.0566,0.1392,0.0583,SCoT
qwen2_1.5b,QASports,hardware,delta_time_seconds,31.8244,37.5064,50.5144,46.6076,SCoT
qwen2_1.5b,QASports,hardware,cpu_usage_avg_percent,4.8456,0.9043,4.5799,1.2214,MGCoT
qwen2_1.5b,QASports,hardware,ram_usage_avg_mb,9320.0021,64.4847,9312.0076,64.5771,MGCoT
qwen2_1.5b,QASports,hardware,ram_usage_avg_percent,57.4558,0.4006,57.403,0.3977,MGCoT
qwen2_1.5b,QASports,hardware,gpu_usage_avg_percent,6.0452,3.247,5.3809,2.9772,MGCoT
qwen2_1.5b,QASports,hardware,gpu_memory_avg_mb,2748.7656,0.0,2748.7656,0.0,tie
qwen2_1.5b,QASports,performance,rouge1_f1,0.0005,0.0021,0.0007,0.003,MGCoT
qwen2_1.5b,QASports,performance,rouge2_f1,0.0,0.0,0.0,0.0,tie
qwen2_1.5b,QASports,performance,rougeL_f1,0.0005,0.0021,0.0007,0.003,MGCoT
qwen2_1.5b,QASports,performance,bleu,0.0,0.0,0.0,0.0,tie
qwen2_1.5b,QASports,performance,exact_match,0.0,0.0,0.0,0.0,tie
qwen2_1.5b,QASports,performance,token_precision,0.0002,0.0016,0.0,0.0,SCoT
qwen2_1.5b,QASports,performance,token_recall,0.02,0.1414,0.0,0.0,SCoT
qwen2_1.5b,QASports,performance,token_f1,0.0004,0.0032,0.0,0.0,SCoT
qwen2_1.5b,QASports,performance,token_overlap_count,0.02,0.1414,0.0,0.0,SCoT
qwen2_1.5b,QASports,performance,normalized_edit_distance,0.0,0.0002,0.0001,0.0003,SCoT
qwen2_1.5b,QASports,performance,char_f1,0.0031,0.0126,0.0051,0.0154,MGCoT
qwen2_1.5b,QASports,performance,bert_score_f1,0.7769,0.0205,0.7739,0.0148,SCoT
qwen2_1.5b,QASports,performance,semantic_similarity,0.0895,0.0463,0.0631,0.0407,SCoT
qwen2_1.5b,SVAMP,hardware,delta_time_seconds,74.6053,31.0812,62.8634,36.506,MGCoT
qwen2_1.5b,SVAMP,hardware,cpu_usage_avg_percent,4.2582,0.428,4.3963,0.4504,SCoT
qwen2_1.5b,SVAMP,hardware,ram_usage_avg_mb,10022.339,68.7374,10021.3097,81.6878,MGCoT
qwen2_1.5b,SVAMP,hardware,ram_usage_avg_percent,61.7835,0.4244,61.775,0.5047,MGCoT
qwen2_1.5b,SVAMP,hardware,gpu_usage_avg_percent,2.7566,0.409,4.8941,3.9715,SCoT
qwen2_1.5b,SVAMP,hardware,gpu_memory_avg_mb,2748.7656,0.0,2748.7656,0.0,tie
qwen2_1.5b,SVAMP,performance,rouge1_f1,0.0193,0.0112,0.0233,0.0376,MGCoT
qwen2_1.5b,SVAMP,performance,rouge2_f1,0.0,0.0,0.0,0.0,tie
qwen2_1.5b,SVAMP,performance,rougeL_f1,0.0193,0.0112,0.0233,0.0376,MGCoT
qwen2_1.5b,SVAMP,performance,bleu,0.0,0.0,0.0,0.0,SCoT
qwen2_1.5b,SVAMP,performance,exact_match,0.0,0.0,0.0,0.0,tie
qwen2_1.5b,SVAMP,performance,token_precision,0.0192,0.0105,0.019,0.0216,SCoT
qwen2_1.5b,SVAMP,performance,token_recall,0.41,0.194,0.3,0.2474,SCoT
qwen2_1.5b,SVAMP,performance,token_f1,0.0366,0.0197,0.0351,0.0378,SCoT
qwen2_1.5b,SVAMP,performance,token_overlap_count,0.82,0.3881,0.6,0.4949,SCoT
qwen2_1.5b,SVAMP,performance,normalized_edit_distance,0.0059,0.0031,0.0104,0.0125,SCoT
qwen2_1.5b,SVAMP,performance,char_f1,0.1293,0.0361,0.1368,0.0489,MGCoT
qwen2_1.5b,SVAMP,performance,bert_score_f1,0.7643,0.0152,0.7685,0.018,MGCoT
qwen2_1.5b,SVAMP,performance,semantic_similarity,0.117,0.0628,0.113,0.0591,SCoT
qwen2_1.5b,StrategyQA,hardware,delta_time_seconds,95.5688,45.3285,95.9745,47.3145,SCoT
qwen2_1.5b,StrategyQA,hardware,cpu_usage_avg_percent,4.3272,0.3644,4.3891,0.7683,SCoT
qwen2_1.5b,StrategyQA,hardware,ram_usage_avg_mb,9809.1975,263.5864,9795.5145,225.8735,MGCoT
qwen2_1.5b,StrategyQA,hardware,ram_usage_avg_percent,60.4692,1.6234,60.3859,1.3918,MGCoT
qwen2_1.5b,StrategyQA,hardware,gpu_usage_avg_percent,3.1923,2.5642,3.4785,2.5827,SCoT
qwen2_1.5b,StrategyQA,hardware,gpu_memory_avg_mb,2748.7656,0.0,2748.7656,0.0,tie
qwen2_1.5b,StrategyQA,performance,rouge1_f1,0.0005,0.0039,0.0,0.0,SCoT
qwen2_1.5b,StrategyQA,performance,rouge2_f1,0.0,0.0,0.0,0.0,tie
qwen2_1.5b,StrategyQA,performance,rougeL_f1,0.0005,0.0039,0.0,0.0,SCoT
qwen2_1.5b,StrategyQA,performance,bleu,0.0,0.0,0.0,0.0,tie
qwen2_1.5b,StrategyQA,performance,exact_match,0.0,0.0,0.0,0.0,tie
qwen2_1.5b,StrategyQA,performance,token_precision,0.0006,0.0039,0.0,0.0,SCoT
qwen2_1.5b,StrategyQA,performance,token_recall,0.02,0.1414,0.0,0.0,SCoT
qwen2_1.5b,StrategyQA,performance,token_f1,0.0011,0.0076,0.0,0.0,SCoT
qwen2_1.5b,StrategyQA,performance,token_overlap_count,0.02,0.1414,0.0,0.0,SCoT
qwen2_1.5b,StrategyQA,performance,normalized_edit_distance,0.0078,0.0101,0.0081,0.0078,SCoT
qwen2_1.5b,StrategyQA,performance,char_f1,0.2405,0.0387,0.239,0.0474,SCoT
qwen2_1.5b,StrategyQA,performance,bert_score_f1,0.7777,0.013,0.7757,0.0147,SCoT
qwen2_1.5b,StrategyQA,performance,semantic_similarity,0.0243,0.0572,0.0486,0.0558,MGCoT
qwen2_1.5b,aqua,hardware,delta_time_seconds,123.399,37.594,109.5917,46.455,MGCoT
qwen2_1.5b,aqua,hardware,cpu_usage_avg_percent,10.1978,3.6183,9.9035,3.3285,MGCoT
qwen2_1.5b,aqua,hardware,ram_usage_avg_mb,12572.6833,2030.8606,12481.475,2003.0293,MGCoT
qwen2_1.5b,aqua,hardware,ram_usage_avg_percent,77.5026,12.5196,76.94,12.3472,MGCoT
qwen2_1.5b,aqua,hardware,gpu_usage_avg_percent,2.5287,0.7046,3.636,3.1304,SCoT
qwen2_1.5b,aqua,hardware,gpu_memory_avg_mb,2508.1251,154.4098,2529.7256,5.4845,SCoT
qwen2_1.5b,aqua,performance,rouge1_f1,0.0075,0.0116,0.0196,0.0553,MGCoT
qwen2_1.5b,aqua,performance,rouge2_f1,0.0,0.0,0.0,0.0,tie
qwen2_1.5b,aqua,performance,rougeL_f1,0.0075,0.0116,0.0196,0.0553,MGCoT
qwen2_1.5b,aqua,performance,bleu,0.0,0.0,0.0,0.0,SCoT
qwen2_1.5b,aqua,performance,exact_match,0.0,0.0,0.0,0.0,tie
qwen2_1.5b,aqua,performance,token_precision,0.0071,0.0084,0.0121,0.0205,MGCoT
qwen2_1.5b,aqua,performance,token_recall,0.46,0.5035,0.54,0.5035,MGCoT
qwen2_1.5b,aqua,performance,token_f1,0.014,0.0165,0.0233,0.0372,MGCoT
qwen2_1.5b,aqua,performance,token_overlap_count,0.46,0.5035,0.54,0.5035,MGCoT
qwen2_1.5b,aqua,performance,normalized_edit_distance,0.0009,0.0014,0.0021,0.0066,SCoT
qwen2_1.5b,aqua,performance,char_f1,0.0473,0.0054,0.0495,0.0127,MGCoT
qwen2_1.5b,aqua,performance,bert_score_f1,0.7598,0.0147,0.7643,0.0188,MGCoT
qwen2_1.5b,aqua,performance,semantic_similarity,0.1296,0.057,0.1333,0.0603,MGCoT
qwen2_1.5b,asdiv,hardware,delta_time_seconds,50.2082,28.4732,27.2873,24.7555,MGCoT
qwen2_1.5b,asdiv,hardware,cpu_usage_avg_percent,4.817,1.9215,4.6452,0.7622,MGCoT
qwen2_1.5b,asdiv,hardware,ram_usage_avg_mb,8611.9133,99.6582,8606.678,125.2419,MGCoT
qwen2_1.5b,asdiv,hardware,ram_usage_avg_percent,53.0858,0.6139,53.0554,0.7746,MGCoT
qwen2_1.5b,asdiv,hardware,gpu_usage_avg_percent,3.7377,2.2146,9.9184,6.9574,SCoT
qwen2_1.5b,asdiv,hardware,gpu_memory_avg_mb,2742.7268,28.5673,2746.766,0.0028,SCoT
qwen2_1.5b,asdiv,performance,rouge1_f1,0.0423,0.0451,0.1087,0.1024,MGCoT
qwen2_1.5b,asdiv,performance,rouge2_f1,0.0,0.0,0.0,0.0,tie
qwen2_1.5b,asdiv,performance,rougeL_f1,0.0423,0.0451,0.1087,0.1024,MGCoT
qwen2_1.5b,asdiv,performance,bleu,0.0,0.0,0.0,0.0,MGCoT
qwen2_1.5b,asdiv,performance,exact_match,0.0,0.0,0.0,0.0,tie
qwen2_1.5b,asdiv,performance,token_precision,0.0301,0.0216,0.0582,0.0438,MGCoT
qwen2_1.5b,asdiv,performance,token_recall,0.88,0.3283,0.9,0.303,MGCoT
qwen2_1.5b,asdiv,performance,token_f1,0.0577,0.0392,0.1069,0.0757,MGCoT
qwen2_1.5b,asdiv,performance,token_overlap_count,0.88,0.3283,0.9,0.303,MGCoT
qwen2_1.5b,asdiv,performance,normalized_edit_distance,0.0059,0.0054,0.0188,0.0217,SCoT
qwen2_1.5b,asdiv,performance,char_f1,0.0807,0.0357,0.1056,0.0496,MGCoT
qwen2_1.5b,asdiv,performance,bert_score_f1,0.7913,0.0181,0.8066,0.023,MGCoT
qwen2_1.5b,asdiv,performance,semantic_similarity,0.2539,0.0848,0.2621,0.0876,MGCoT
qwen2_1.5b,clutrr,hardware,delta_time_seconds,15.3699,17.5556,8.225,2.7508,MGCoT
qwen2_1.5b,clutrr,hardware,cpu_usage_avg_percent,5.4992,2.2748,4.8727,1.0538,MGCoT
qwen2_1.5b,clutrr,hardware,ram_usage_avg_mb,8742.2061,117.495,8733.9621,124.6881,MGCoT
qwen2_1.5b,clutrr,hardware,ram_usage_avg_percent,53.889,0.7286,53.8415,0.7658,MGCoT
qwen2_1.5b,clutrr,hardware,gpu_usage_avg_percent,10.5717,5.1759,16.8769,4.6775,SCoT
qwen2_1.5b,clutrr,hardware,gpu_memory_avg_mb,2746.7656,0.0,2746.7656,0.0,tie
qwen2_1.5b,clutrr,performance,rouge1_f1,0.1241,0.0871,0.1498,0.0926,MGCoT
qwen2_1.5b,clutrr,performance,rouge2_f1,0.0,0.0,0.0,0.0,tie
qwen2_1.5b,clutrr,performance,rougeL_f1,0.123,0.0871,0.1498,0.0926,MGCoT
qwen2_1.5b,clutrr,performance,bleu,0.0,0.0,0.0,0.0,SCoT
qwen2_1.5b,clutrr,performance,exact_match,0.0,0.0,0.0,0.0,tie
qwen2_1.5b,clutrr,performance,token_precision,0.0341,0.0541,0.0541,0.0604,MGCoT
qwen2_1.5b,clutrr,performance,token_recall,0.1333,0.165,0.16,0.1682,MGCoT
qwen2_1.5b,clutrr,performance,token_f1,0.0509,0.0759,0.0798,0.0869,MGCoT
qwen2_1.5b,clutrr,performance,token_overlap_count,0.4,0.4949,0.48,0.5047,MGCoT
qwen2_1.5b,clutrr,performance,normalized_edit_distance,0.1946,0.0935,0.2452,0.0734,SCoT
qwen2_1.5b,clutrr,performance,char_f1,0.6445,0.0805,0.6676,0.0607,MGCoT
qwen2_1.5b,clutrr,performance,bert_score_f1,0.8384,0.0164,0.8408,0.0103,MGCoT
qwen2_1.5b,clutrr,performance,semantic_similarity,0.3181,0.065,0.3303,0.0634,MGCoT
qwen2_1.5b,date,hardware,delta_time_seconds,53.1018,33.3208,36.1505,24.2585,MGCoT
qwen2_1.5b,date,hardware,cpu_usage_avg_percent,4.4042,0.4997,4.6074,0.9813,SCoT
qwen2_1.5b,date,hardware,ram_usage_avg_mb,8651.593,51.9112,8634.4591,54.5572,MGCoT
qwen2_1.5b,date,hardware,ram_usage_avg_percent,53.3318,0.3199,53.2281,0.3318,MGCoT
qwen2_1.5b,date,hardware,gpu_usage_avg_percent,3.6924,2.2422,6.697,5.0143,SCoT
qwen2_1.5b,date,hardware,gpu_memory_avg_mb,2748.7256,0.2828,2748.7656,0.0,SCoT
qwen2_1.5b,date,performance,rouge1_f1,0.0916,0.1092,0.1239,0.1541,MGCoT
qwen2_1.5b,date,performance,rouge2_f1,0.021,0.0531,0.0376,0.0999,MGCoT
qwen2_1.5b,date,performance,rougeL_f1,0.0901,0.1092,0.1211,0.1496,MGCoT
qwen2_1.5b,date,performance,bleu,0.0,0.0,0.0,0.0,MGCoT
qwen2_1.5b,date,performance,exact_match,0.0,0.0,0.0,0.0,tie
qwen2_1.5b,date,performance,token_precision,0.0028,0.0103,0.0007,0.0052,SCoT
qwen2_1.5b,date,performance,token_recall,0.04,0.137,0.01,0.0707,SCoT
qwen2_1.5b,date,performance,token_f1,0.0052,0.019,0.0014,0.0098,SCoT
qwen2_1.5b,date,performance,token_overlap_count,0.08,0.274,0.02,0.1414,SCoT
qwen2_1.5b,date,performance,normalized_edit_distance,0.0649,0.087,0.1017,0.1193,SCoT
qwen2_1.5b,date,performance,char_f1,0.3022,0.0785,0.3168,0.1101,MGCoT
qwen2_1.5b,date,performance,bert_score_f1,0.8072,0.0366,0.8154,0.0379,MGCoT
qwen2_1.5b,date,performance,semantic_similarity,0.3665,0.1267,0.3943,0.1467,MGCoT
qwen2_1.5b,gsm8k,hardware,delta_time_seconds,111.3048,33.1342,110.7147,36.6652,MGCoT
qwen2_1.5b,gsm8k,hardware,cpu_usage_avg_percent,4.2534,0.3587,4.1987,0.3366,MGCoT
qwen2_1.5b,gsm8k,hardware,ram_usage_avg_mb,8947.5949,149.4879,8936.9281,144.1936,MGCoT
qwen2_1.5b,gsm8k,hardware,ram_usage_avg_percent,55.1573,0.9226,55.0924,0.8888,MGCoT
qwen2_1.5b,gsm8k,hardware,gpu_usage_avg_percent,2.4713,0.3303,2.8752,0.7409,SCoT
qwen2_1.5b,gsm8k,hardware,gpu_memory_avg_mb,2748.7656,0.0,2748.7656,0.0,tie
qwen2_1.5b,gsm8k,performance,rouge1_f1,0.376,0.0867,0.368,0.099,SCoT
qwen2_1.5b,gsm8k,performance,rouge2_f1,0.1646,0.0674,0.1563,0.0693,SCoT
qwen2_1.5b,gsm8k,performance,rougeL_f1,0.2754,0.0641,0.2658,0.072,SCoT
qwen2_1.5b,gsm8k,performance,bleu,0.0489,0.0448,0.0442,0.0458,SCoT
qwen2_1.5b,gsm8k,performance,exact_match,0.0,0.0,0.0,0.0,tie
qwen2_1.5b,gsm8k,performance,token_precision,0.3617,0.0985,0.354,0.1045,SCoT
qwen2_1.5b,gsm8k,performance,token_recall,0.5573,0.1013,0.5298,0.0943,SCoT
qwen2_1.5b,gsm8k,performance,token_f1,0.4276,0.0799,0.4165,0.0924,SCoT
qwen2_1.5b,gsm8k,performance,token_overlap_count,21.5,6.4119,20.94,7.4981,SCoT
qwen2_1.5b,gsm8k,performance,normalized_edit_distance,0.2186,0.0605,0.2195,0.0658,SCoT
qwen2_1.5b,gsm8k,performance,char_f1,0.8278,0.0552,0.8182,0.0609,SCoT
qwen2_1.5b,gsm8k,performance,bert_score_f1,0.8503,0.017,0.8484,0.0187,SCoT
qwen2_1.5b,gsm8k,performance,semantic_similarity,0.8007,0.0729,0.8022,0.0637,MGCoT
qwen2_1.5b,saycan,hardware,delta_time_seconds,60.5316,60.0124,46.4889,55.7473,MGCoT
qwen2_1.5b,saycan,hardware,cpu_usage_avg_percent,5.4347,1.9423,4.6953,1.202,MGCoT
qwen2_1.5b,saycan,hardware,ram_usage_avg_mb,9632.7146,124.6143,9609.9463,115.2473,MGCoT
qwen2_1.5b,saycan,hardware,ram_usage_avg_percent,59.377,0.7707,59.2393,0.7099,MGCoT
qwen2_1.5b,saycan,hardware,gpu_usage_avg_percent,6.3766,4.5736,10.5673,8.6698,SCoT
qwen2_1.5b,saycan,hardware,gpu_memory_avg_mb,2748.7656,0.0,2748.7656,0.0,tie
qwen2_1.5b,saycan,performance,rouge1_f1,0.0379,0.0521,0.0364,0.0507,SCoT
qwen2_1.5b,saycan,performance,rouge2_f1,0.0046,0.0133,0.0048,0.015,MGCoT
qwen2_1.5b,saycan,performance,rougeL_f1,0.034,0.0435,0.0339,0.0449,SCoT
qwen2_1.5b,saycan,performance,bleu,0.0,0.0,0.0,0.0,tie
qwen2_1.5b,saycan,performance,exact_match,0.0,0.0,0.0,0.0,tie
qwen2_1.5b,saycan,performance,token_precision,0.1027,0.0574,0.1235,0.0881,MGCoT
qwen2_1.5b,saycan,performance,token_recall,0.1345,0.0732,0.1291,0.0772,SCoT
qwen2_1.5b,saycan,performance,token_f1,0.0964,0.0373,0.1031,0.0502,MGCoT
qwen2_1.5b,saycan,performance,token_overlap_count,3.2,1.9588,3.0,1.8626,SCoT
qwen2_1.5b,saycan,performance,normalized_edit_distance,0.1166,0.0492,0.1225,0.0527,SCoT
qwen2_1.5b,saycan,performance,char_f1,0.6225,0.0954,0.6037,0.103,SCoT
qwen2_1.5b,saycan,performance,bert_score_f1,0.784,0.0165,0.7825,0.0157,SCoT
qwen2_1.5b,saycan,performance,semantic_similarity,0.2708,0.1606,0.25,0.1429,SCoT
